,Total Household Income,Total Food Expenditure
0,480332,117848
1,198235,67766
2,82785,61609
3,107589,78189
4,189322,94625
5,152883,73326
6,198621,104644
7,134961,95644
8,171152,67348
9,625753,158721
10,147005,79530
11,253130,111250
12,101111,88523
13,128214,62262
14,91525,45487
15,171742,70892
16,95385,83790
17,142843,85370
18,88170,64705
19,97018,82534
20,123015,73459
21,100900,67830
22,153312,164860
23,96814,64696
24,91785,57112
25,83600,59819
26,84330,45509
27,164830,76151
28,87612,88484
29,96862,82647
30,65929,59898
31,114998,89896
32,217720,84335
33,98650,90927
34,169755,110405
35,143785,63907
36,105805,50424
37,129066,112070
38,154710,91008
39,203675,108043
40,186475,96915
41,104457,73997
42,119492,78073
43,304598,98445
44,824148,99064
45,169790,85448
46,132275,83528
47,559202,98107
48,111495,59255
49,977025,131485
50,272500,95406
51,677321,229370
52,205570,64202
53,350740,96601
54,206490,75031
55,113020,67121
56,740110,181926
57,281236,56971
58,100806,60160
59,410190,88966
60,730210,172404
61,113852,88017
62,132645,51139
63,301423,127743
64,143839,65989
65,301240,102906
66,117410,87743
67,152913,59310
68,86964,62023
69,226761,104427
70,153585,110631
71,96855,81985
72,264520,108109
73,241065,96505
74,121751,91575
75,135071,90942
76,239836,90669
77,67755,29066
78,148088,78662
79,255226,155045
80,175305,84355
81,98132,69946
82,144206,72478
83,125505,100518
84,67900,60543
85,84369,49085
86,121743,72244
87,166080,110462
88,372972,164802
89,300324,79540
90,168498,77667
91,68425,53517
92,151545,86841
93,138688,62562
94,96695,77461
95,379622,89011
96,147342,83950
97,174440,92792
98,223295,92989
99,106805,74452
100,101045,97535
101,101814,81093
102,109955,64116
103,391100,115092
104,111495,84215
105,160114,81805
106,145410,80552
107,166080,134812
108,149410,108269
109,123308,93550
110,280120,125385
111,117005,89572
112,114220,81598
113,298126,60346
114,485633,138744
115,92782,84402
116,136934,86715
117,50561,21156
118,109428,54897
119,133765,91565
120,128110,66834
121,111815,83929
122,92715,61157
123,146650,77453
124,293200,116176
125,179704,78527
126,152620,67808
127,72175,75561
128,105440,51361
129,130495,71274
130,130825,105283
131,77635,39704
132,111570,58107
133,121160,78639
134,96125,77282
135,379828,92768
136,146920,71753
137,214700,69690
138,239598,75131
139,69635,17781
140,116360,31647
141,181498,61150
142,148690,76530
143,129800,51564
144,163400,88741
145,72120,67218
146,259780,115255
147,104905,47168
148,63825,34183
149,120090,84796
150,301873,48761
151,116643,60154
152,183630,77020
153,115855,65344
154,164342,75244
155,155626,92403
156,65490,24028
157,125396,87336
158,145635,56417
159,188475,96122
160,107420,78178
161,116400,59311
162,164315,63163
163,491010,87892
164,113905,61535
165,62255,54527
166,98305,37688
167,117793,46384
168,329067,71267
169,148580,40210
170,164046,41911
171,312610,61587
172,134410,96729
173,541874,72496
174,125695,88944
175,78480,29889
176,163530,66330
177,162480,50381
178,151395,59989
179,95975,45212
180,77275,34475
181,96370,54271
182,1051758,238375
183,143650,102403
184,211703,124068
185,101290,77440
186,383617,124651
187,119143,93994
188,110848,84962
189,131847,88115
190,184738,67950
191,115140,85771
192,120690,102806
193,79995,63149
194,121986,76516
195,134555,76259
196,177364,128061
197,41138,22189
198,212782,127832
199,242970,105256
200,81836,62503
201,133045,91993
202,92955,62989
203,248250,104484
204,135597,85763
205,141000,104389
206,132053,90846
207,173621,62063
208,74843,36052
209,180521,71774
210,148243,98443
211,211154,93387
212,269702,27529
213,222351,103206
214,135602,47693
215,295225,112200
216,419138,65512
217,357946,104620
218,533840,111206
219,107867,39359
220,104656,47992
221,140329,60553
222,92719,54761
223,144398,83332
224,87069,62245
225,129628,153540
226,120140,67330
227,438261,100370
228,383498,77175
229,275729,126018
230,117904,65370
231,213286,80490
232,108801,47437
233,166275,66602
234,72826,55993
235,122335,89906
236,156865,50708
237,117841,55192
238,103260,48660
239,95622,47654
240,115450,32746
241,121453,58522
242,207425,108722
243,162723,102594
244,91835,59271
245,65220,58349
246,261545,76109
247,101515,69480
248,64113,55424
249,120500,79480
250,98429,78588
251,47420,24004
252,76455,86244
253,66030,39588
254,135875,67890
255,72695,34311
256,294886,99592
257,42265,27599
258,159545,30457
259,110775,54801
260,174155,53155
261,349579,63465
262,104895,46226
263,157759,76577
264,103545,51053
265,208074,89924
266,164464,74331
267,145666,79612
268,158977,94207
269,158061,68256
270,167888,87262
271,125284,79565
272,183770,83931
273,521338,145444
274,157183,85129
275,162125,42476
276,94526,63345
277,153195,48842
278,193810,90109
279,182344,64202
280,336128,77820
281,237680,82489
282,82946,52483
283,184632,87241
284,115317,69449
285,83838,75192
286,206668,31191
287,100004,54876
288,88411,68155
289,98304,74987
290,136952,85602
291,144470,92963
292,79984,63509
293,98648,45052
294,71260,52127
295,140033,70216
296,821833,169516
297,163014,73984
298,81900,38816
299,46160,26523
300,90330,39671
301,34935,15426
302,45482,20933
303,80651,38096
304,109764,55981
305,335426,87341
306,384167,88383
307,122035,57017
308,135150,54466
309,79815,23415
310,127335,46409
311,59458,18329
312,172268,84121
313,89510,36762
314,259070,71421
315,56966,47421
316,208273,89519
317,40444,27410
318,61523,48394
319,133156,75078
320,144686,95437
321,303605,58580
322,358410,72599
323,71898,56792
324,48170,34757
325,68145,62982
326,54480,27377
327,95228,46023
328,76920,36802
329,200648,99634
330,127332,86786
331,163508,111789
332,133016,50479
333,478701,118660
334,131699,103235
335,176618,83044
336,173995,75876
337,233100,132484
338,297366,103494
339,201271,82453
340,879038,156084
341,397440,170599
342,342207,74885
343,718238,180371
344,124140,57186
345,511900,166848
346,275938,104699
347,1107119,122507
348,327272,116225
349,242800,67405
350,647108,162785
351,352952,93499
352,212350,58678
353,755000,167138
354,297180,129340
355,243548,121377
356,375770,120955
357,50722,32554
358,30367,17618
359,152834,94653
360,92243,37572
361,85409,43050
362,67940,32955
363,108468,75333
364,370960,103719
365,90946,52563
366,23253,15129
367,172427,118463
368,59415,35895
369,106323,51626
370,221671,124464
371,95212,72330
372,89356,45735
373,1570874,220630
374,963550,34879
375,115208,54891
376,714506,144639
377,92319,69082
378,681291,110989
379,1044680,170469
380,379500,80405
381,342410,105485
382,234774,71125
383,310538,95994
384,130820,97088
385,323633,135102
386,112260,49360
387,380868,255846
388,241920,56243
389,108593,55720
390,164268,86030
391,230644,77006
392,287585,153658
393,294500,121076
394,141098,69811
395,176280,65935
396,67506,39894
397,93432,32139
398,71980,14529
399,84920,55045
400,159600,95680
401,162948,69812
402,168226,99627
403,76769,35410
404,139057,42834
405,350128,109248
406,277911,139049
407,68429,49817
408,419430,175659
409,299196,106288
410,88893,45549
411,148472,85140
412,136572,52245
413,116682,69185
414,109842,63182
415,189194,95113
416,193805,117348
417,176698,72389
418,371060,67835
419,218540,75920
420,206199,122592
421,122713,72625
422,161963,79023
423,141306,86565
424,59839,35812
425,61415,48811
426,29174,16663
427,92399,60926
428,104633,72262
429,116683,50153
430,100687,57724
431,81452,35564
432,89722,66817
433,95224,66427
434,78874,57693
435,212760,64805
436,314739,161834
437,101717,77194
438,181293,71960
439,301538,99617
440,74280,53561
441,126500,67646
442,217666,91666
443,206211,122827
444,169742,88877
445,134277,58216
446,129257,69469
447,209483,135702
448,112990,46873
449,202140,99962
450,29358,13848
451,335167,140208
452,134281,97845
453,540882,231330
454,224252,43190
455,80340,56463
456,138830,66097
457,225890,109306
458,453130,83440
459,150310,72682
460,1538900,525265
461,97615,34253
462,111876,77138
463,221760,98005
464,173848,67835
465,214630,96846
466,146110,64062
467,322000,130348
468,146020,35728
469,194644,101943
470,462847,169033
471,263158,46219
472,190305,116480
473,161541,91340
474,123197,54899
475,383454,102942
476,59748,30000
477,90022,50883
478,673434,258556
479,86970,44143
480,116883,36937
481,25584,8361
482,151127,91994
483,130339,64126
484,70531,36763
485,93747,54204
486,341210,111255
487,129644,123341
488,159844,73492
489,27413,20599
490,306692,87801
491,145708,63299
492,637430,149631
493,218563,72954
494,276320,63560
495,729200,189174
496,339570,150472
497,515601,120226
498,305992,100752
499,236605,74240
500,312633,83691
501,193909,100687
502,395092,241786
503,39800,18072
504,145800,94063
505,612910,153469
506,320180,42251
507,271203,96848
508,506780,112527
509,228870,96042
510,132070,87512
511,398015,178706
512,120090,87566
513,399215,241070
514,141277,78549
515,116805,79756
516,231880,114536
517,94918,55607
518,155025,86576
519,660738,114838
520,116055,88044
521,295156,126225
522,427976,104252
523,247002,76896
524,234661,119905
525,79019,37660
526,100658,52374
527,134573,49407
528,197672,72971
529,344190,111473
530,1606308,720007
531,273820,117996
532,96300,28822
533,144737,91021
534,136122,60567
535,646260,235384
536,136069,73707
537,56106,29421
538,57875,51076
539,130474,48243
540,68657,38945
541,335098,131890
542,172405,93381
543,72820,66933
544,109883,69962
545,51210,35140
546,119960,60407
547,149700,55732
548,544170,139663
549,281201,89024
550,1796730,195380
551,135124,85964
552,205266,77650
553,186550,72838
554,92556,56957
555,171251,63036
556,57769,35023
557,150384,69105
558,848240,197701
559,71852,42375
560,568492,116229
561,101922,56726
562,97470,46308
563,169410,108508
564,346780,70144
565,537600,136581
566,96151,46037
567,101700,57814
568,378401,114242
569,229075,104343
570,102715,67417
571,164841,91508
572,85745,52282
573,309092,105843
574,176883,66319
575,161185,37643
576,40226,25060
577,690190,168827
578,90844,36600
579,371698,40917
580,119461,71180
581,79040,55512
582,207993,73980
583,205627,150695
584,133779,67180
585,214563,167756
586,89888,57291
587,84693,45197
588,162774,46231
589,167506,90167
590,67502,55773
591,118228,136027
592,85420,59564
593,145195,86169
594,583168,193319
595,131810,92531
596,390226,153235
597,99078,60755
598,131780,58876
599,276776,93197
600,175800,108246
601,108313,61881
602,195240,78704
603,123955,58446
604,118920,77160
605,203275,90621
606,177839,82897
607,52479,28692
608,125948,40914
609,400862,77248
610,113693,59000
611,80541,52280
612,78238,38920
613,196975,74828
614,176410,66256
615,654500,96940
616,445855,187803
617,152360,50965
618,567050,109231
619,320311,131384
620,598948,162253
621,236626,128756
622,129798,64044
623,110290,52707
624,155173,44945
625,191806,118200
626,106268,58279
627,27795,18052
628,177473,85381
629,153353,98039
630,107023,61498
631,63064,49563
632,54640,33433
633,48905,36379
634,113531,94137
635,122720,73271
636,50065,41558
637,46709,39134
638,14691,7676
639,108395,80781
640,111439,51292
641,58798,39443
642,83747,55204
643,77740,30666
644,54381,41001
645,167412,65407
646,68465,48777
647,72861,52457
648,52245,29211
649,23855,19108
650,101256,64297
651,30294,19072
652,20688,16977
653,37078,24551
654,204550,41334
655,121627,70696
656,96612,38770
657,146828,72808
658,85551,53949
659,119894,86179
660,407053,98336
661,62435,34966
662,185577,103936
663,59604,44098
664,120596,60621
665,83193,64946
666,77651,45714
667,72210,45353
668,66352,51906
669,59672,40092
670,68125,45273
671,140611,54578
672,98965,59932
673,73224,49576
674,101802,53684
675,57553,44832
676,136527,73772
677,199545,115215
678,362818,146772
679,81712,54452
680,124676,66389
681,39732,20852
682,71375,51481
683,44202,37446
684,82184,42962
685,73674,50628
686,140115,62906
687,137855,65779
688,139238,56028
689,128552,62398
690,420920,90911
691,150360,60568
692,632120,115485
693,201280,61514
694,197287,86220
695,387164,137360
696,103880,57139
697,165906,66714
698,295600,86660
699,66252,16764
700,93020,37701
701,121390,59661
702,642630,269303
703,154990,68961
704,112128,53818
705,228063,132660
706,177157,77110
707,136980,111914
708,267630,123334
709,150096,48435
710,179509,115607
711,625096,177424
712,119103,61420
713,127471,76670
714,102080,61598
715,381970,84813
716,84976,62281
717,410000,143332
718,19581,14188
719,161279,70194
720,122469,61053
721,113292,56503
722,76052,45755
723,61470,39822
724,1280422,123790
725,49700,29275
726,111338,61638
727,103064,68956
728,134358,66762
729,37902,25690
730,44184,34952
731,48255,30774
732,64455,47534
733,51074,41795
734,40649,29480
735,96956,65412
736,76460,54181
737,42806,28900
738,148742,66790
739,146786,49207
740,183827,80835
741,580160,144611
742,270835,78280
743,149640,101626
744,255060,108830
745,143552,94463
746,269001,165207
747,447170,43149
748,117837,56980
749,121962,52567
750,542660,138516
751,285520,97832
752,58329,27433
753,242172,135028
754,455683,133573
755,55080,40257
756,119115,64447
757,80704,45648
758,128718,87250
759,169182,111407
760,116316,94619
761,164939,62576
762,125877,61471
763,35384,13394
764,493311,257754
765,187533,105886
766,140501,53480
767,457006,132644
768,303063,74519
769,114198,55932
770,188066,82725
771,132104,55992
772,95469,63506
773,174591,51335
774,72510,42893
775,128763,54694
776,193723,58865
777,95261,65976
778,78840,59506
779,269913,118253
780,44415,23822
781,159040,49284
782,132632,71216
783,149776,87336
784,177908,85454
785,140474,73957
786,194956,115961
787,142113,63837
788,30292,17311
789,433096,133517
790,23209,10373
791,257832,85551
792,321310,162706
793,69835,43559
794,71533,48086
795,128523,44456
796,32145,19830
797,76779,60887
798,112140,73067
799,78132,74931
800,119880,82724
801,234880,97444
802,71260,24057
803,700542,209661
804,122779,74226
805,206545,82825
806,2572904,83588
807,183299,83002
808,709057,179846
809,157518,40025
810,97670,48229
811,348130,82573
812,111856,73034
813,115752,51250
814,115635,52865
815,70276,41110
816,84044,39926
817,117453,80390
818,296776,105863
819,102895,45468
820,145026,73481
821,164417,61112
822,32456,17655
823,142039,72997
824,177079,66248
825,27032,23754
826,66723,41124
827,212613,72044
828,143433,83059
829,178755,74292
830,170549,106008
831,106187,79927
832,305760,123802
833,144754,76525
834,182180,101634
835,551113,135009
836,470266,60139
837,118926,73028
838,170326,95119
839,127481,91486
840,126558,86976
841,89364,40736
842,92381,33886
843,50194,35240
844,137490,76621
845,60212,48671
846,35790,23581
847,23973,16966
848,619553,103794
849,81129,47742
850,259540,86780
851,77132,56974
852,76256,44533
853,138866,57477
854,110203,57782
855,32587,25736
856,40922,15352
857,101605,47432
858,96801,37328
859,156331,55200
860,172023,83120
861,233160,69613
862,89809,70695
863,212164,106305
864,117807,67017
865,216999,52045
866,139936,66865
867,81006,48742
868,48397,26811
869,88740,52465
870,75012,71988
871,47686,24556
872,235347,98748
873,146450,79893
874,277002,117663
875,634643,161428
876,781605,117271
877,142184,102550
878,53537,33815
879,87082,40438
880,222985,64570
881,91722,46016
882,124504,66694
883,373733,102419
884,126550,56437
885,130352,58208
886,508366,86107
887,69189,32359
888,117166,84565
889,92564,62950
890,83936,65971
891,60609,31912
892,49855,38270
893,112662,60473
894,153619,98616
895,63195,45745
896,98855,53929
897,133500,88783
898,89682,44437
899,203542,75620
900,158596,107052
901,124648,87261
902,77141,50606
903,76683,62656
904,120766,54341
905,55488,48580
906,403672,81486
907,92919,80437
908,113587,52708
909,350394,57598
910,124236,102149
911,103409,75780
912,60429,23888
913,58073,34523
914,165293,65796
915,88795,53559
916,56785,37375
917,120109,62886
918,250708,74474
919,64268,40350
920,70109,42741
921,117308,67716
922,132435,109070
923,39430,42610
924,56847,47019
925,138640,88158
926,86347,66983
927,73210,50602
928,63205,46792
929,67172,40723
930,125030,74505
931,73333,70930
932,77379,65708
933,345612,167847
934,87704,54545
935,44135,33773
936,60399,57808
937,173128,69042
938,92171,60185
939,87817,56297
940,82639,54844
941,656099,173734
942,126269,43629
943,111535,70625
944,191681,80013
945,388172,77945
946,80955,50095
947,125482,66965
948,1114504,168004
949,425927,99762
950,92555,58062
951,1026150,113322
952,409990,92862
953,402466,91220
954,518318,105817
955,73245,39626
956,239675,63962
957,294250,90945
958,217102,75759
959,87229,53748
960,138895,59523
961,110604,54245
962,56557,36162
963,164218,64608
964,99178,38428
965,149967,48654
966,42691,25092
967,111945,56147
968,83216,55119
969,148414,86123
970,116292,57264
971,94735,60675
972,381169,128698
973,222868,75715
974,98302,32322
975,143419,53155
976,88286,43682
977,109223,73600
978,206700,63009
979,56481,42268
980,138570,56645
981,184244,96758
982,110090,76444
983,840250,104296
984,119264,60781
985,110475,79119
986,198952,162782
987,60909,30564
988,42895,37971
989,57045,37312
990,95775,50907
991,114340,41744
992,94514,57300
993,81167,30400
994,131870,75067
995,120629,55293
996,124565,53066
997,611276,98442
998,574750,128744
999,166743,118729
1000,134112,43617
1001,101937,37000
1002,82500,31827
1003,92889,59336
1004,675258,104274
1005,159658,75021
1006,105320,56466
1007,748309,121193
1008,77994,41094
1009,78623,33527
1010,286218,81615
1011,132925,98987
1012,904374,111109
1013,94245,55838
1014,99834,70894
1015,129307,71874
1016,267645,219774
1017,312586,97919
1018,96583,77414
1019,164886,55465
1020,558530,145549
1021,78925,59195
1022,125206,47505
1023,115035,67832
1024,203601,51654
1025,73019,46806
1026,262640,80613
1027,91505,48181
1028,77822,25453
1029,132748,55674
1030,291140,75082
1031,189765,77244
1032,137996,59217
1033,140238,87255
1034,112652,67276
1035,88557,51494
1036,142078,29278
1037,104175,64179
1038,89685,63519
1039,247561,86591
1040,94965,43919
1041,106750,63800
1042,136237,62540
1043,74732,28930
1044,146018,51125
1045,86052,44957
1046,133970,59248
1047,109232,61523
1048,303993,136941
1049,162456,35453
1050,519298,113461
1051,370425,69264
1052,406927,109773
1053,108530,50186
1054,201006,72057
1055,103915,71685
1056,95042,57521
1057,116078,61364
1058,105900,61128
1059,150883,51288
1060,131448,50304
1061,464773,119377
1062,118258,57930
1063,175665,71405
1064,197202,90381
1065,185265,69269
1066,244918,119498
1067,78152,59529
1068,203282,72811
1069,168965,124981
1070,101840,49355
1071,177969,80247
1072,67120,23904
1073,120711,46115
1074,95800,45403
1075,87752,45249
1076,419748,120699
1077,68420,30770
1078,117780,62347
1079,173355,58312
1080,143052,51492
1081,118913,54877
1082,139615,63397
1083,141309,86408
1084,122910,57827
1085,159090,85922
1086,176650,81936
1087,100977,68466
1088,84460,46577
1089,89929,47169
1090,156607,92805
1091,161886,117346
1092,143785,97875
1093,1366996,297110
1094,82945,59212
1095,31345,15461
1096,204867,107653
1097,250350,127101
1098,92667,64598
1099,303040,98847
1100,38018,15512
1101,76420,40539
1102,28275,15473
1103,123515,57889
1104,159694,76724
1105,112600,73009
1106,136145,65730
1107,423942,70718
1108,94135,41557
1109,168750,57343
1110,684496,138326
1111,146930,66975
1112,72375,40624
1113,67160,31218
1114,135323,67838
1115,107610,53068
1116,73965,33314
1117,75000,47647
1118,124605,80015
1119,135057,71470
1120,205757,80050
1121,170343,105386
1122,82103,36811
1123,155607,86341
1124,166931,88993
1125,52955,30074
1126,122320,73701
1127,143445,81403
1128,299334,101091
1129,116280,55175
1130,110025,52425
1131,103556,66753
1132,152897,92872
1133,57653,30138
1134,119210,55993
1135,111778,46929
1136,131798,67503
1137,82606,72945
1138,68553,43476
1139,54656,31075
1140,345678,116847
1141,49112,35669
1142,210184,99877
1143,56811,33352
1144,133214,75758
1145,105089,52108
1146,82254,40570
1147,85776,43519
1148,91722,71707
1149,63747,44772
1150,92118,58293
1151,25481,18288
1152,73766,50591
1153,299260,74908
1154,96002,46373
1155,354028,59071
1156,91520,30994
1157,170400,23211
1158,200320,84274
1159,184788,78331
1160,279987,105023
1161,310485,96538
1162,117090,59048
1163,164296,74482
1164,163070,64849
1165,187019,92127
1166,263066,85624
1167,125275,99050
1168,629725,105975
1169,161760,63813
1170,191954,95062
1171,198267,94289
1172,120716,74643
1173,46515,27943
1174,58651,37571
1175,68730,44146
1176,93812,51313
1177,167034,93279
1178,83590,59057
1179,140382,97826
1180,189172,102739
1181,78338,31099
1182,275500,142770
1183,1175115,119435
1184,192328,85359
1185,118380,55607
1186,387909,84198
1187,158656,89383
1188,181017,95497
1189,139414,67973
1190,45105,22443
1191,24110,12366
1192,311591,78751
1193,79168,50486
1194,223805,52783
1195,106030,52181
1196,100236,41466
1197,123621,52969
1198,59558,26438
1199,133567,66258
1200,120310,75492
1201,169312,93644
1202,81361,31796
1203,80090,51032
1204,132130,71808
1205,49125,26557
1206,49647,27736
1207,127712,49687
1208,98452,43634
1209,96330,49148
1210,124485,59133
1211,87027,76442
1212,91370,51448
1213,94456,56662
1214,145670,52150
1215,46738,33643
1216,230857,99769
1217,207753,74561
1218,33023,15398
1219,64250,45799
1220,660987,276715
1221,1724760,423533
1222,189714,53879
1223,1691580,123901
1224,349681,152337
1225,453465,96147
1226,196060,82313
1227,129097,49704
1228,82883,51095
1229,170819,58011
1230,78114,56311
1231,41479,20016
1232,289267,69059
1233,157400,42400
1234,352189,48004
1235,198685,39003
1236,440365,114892
1237,102255,55908
1238,11639365,280597
1239,290077,57654
1240,189136,58559
1241,509426,96330
1242,167931,60480
1243,122314,58970
1244,88337,28007
1245,321263,78060
1246,408882,91835
1247,174066,63081
1248,405007,43393
1249,66951,45182
1250,85016,30003
1251,149484,58752
1252,143133,60390
1253,131817,54124
1254,145097,32618
1255,215553,95712
1256,122351,49428
1257,167409,34975
1258,44580,31693
1259,63926,42827
1260,118542,63189
1261,92213,47877
1262,110079,49837
1263,164079,49564
1264,128245,52816
1265,207535,77485
1266,132657,63790
1267,115465,68646
1268,73238,40822
1269,314017,70569
1270,426393,93962
1271,41589,25288
1272,77988,24071
1273,132689,56936
1274,140793,39678
1275,224229,67660
1276,765689,118563
1277,163119,71447
1278,132982,57926
1279,46188,28991
1280,115662,72178
1281,81005,53261
1282,136983,36719
1283,131190,54388
1284,88399,42310
1285,121519,64747
1286,60254,32180
1287,83233,39246
1288,96660,29838
1289,261070,61766
1290,281540,61803
1291,102395,53443
1292,144103,56049
1293,86061,36945
1294,231469,102176
1295,87979,35353
1296,155503,44506
1297,69835,31138
1298,250725,90232
1299,281469,72159
1300,139176,80163
1301,89860,49286
1302,100988,61325
1303,105112,87695
1304,154778,45163
1305,161115,65426
1306,121960,80905
1307,111100,57897
1308,270619,133649
1309,222828,72017
1310,197383,93369
1311,277058,124828
1312,262269,137588
1313,91537,23701
1314,135741,69567
1315,1728465,271141
1316,535140,158634
1317,555190,133173
1318,314207,90332
1319,234401,88019
1320,157142,68008
1321,285210,74132
1322,485949,108637
1323,149625,88380
1324,97951,60294
1325,121114,74713
1326,185018,72555
1327,103433,42020
1328,129305,57138
1329,84474,33525
1330,79475,38975
1331,85406,73330
1332,68186,31169
1333,103554,76214
1334,67590,28173
1335,117835,47973
1336,133339,69143
1337,61325,23435
1338,115235,69418
1339,105011,48841
1340,85142,41585
1341,134793,78487
1342,99245,54330
1343,126738,62243
1344,156175,73568
1345,124270,44448
1346,464649,166804
1347,111570,62350
1348,104965,47853
1349,150735,62275
1350,164801,89779
1351,136485,75347
1352,51135,22374
1353,106149,39915
1354,112620,73770
1355,129182,80250
1356,136167,72897
1357,217170,89129
1358,49522,23827
1359,97434,57013
1360,141374,64682
1361,125416,58935
1362,104856,80308
1363,240532,100918
1364,88541,47271
1365,144933,62651
1366,219725,88309
1367,289209,81236
1368,143873,65871
1369,675150,99972
1370,868494,86909
1371,46085,22962
1372,222240,82475
1373,226865,69971
1374,142100,39199
1375,85120,32116
1376,166435,78521
1377,200964,58523
1378,154202,70391
1379,101694,52464
1380,106470,63550
1381,126625,38019
1382,38705,28197
1383,84385,52803
1384,504867,95171
1385,322879,129648
1386,207719,100117
1387,139081,70517
1388,342609,108947
1389,185280,93152
1390,565672,153736
1391,258627,104727
1392,114663,68239
1393,164084,88755
1394,135722,50817
1395,141884,78568
1396,81872,48240
1397,146783,89926
1398,429800,137105
1399,172899,82033
1400,164182,74370
1401,189727,102282
1402,129234,72789
1403,180377,85195
1404,57233,30923
1405,199637,91110
1406,161632,102109
1407,48222,31478
1408,64085,40826
1409,103720,55418
1410,472470,102551
1411,94969,61307
1412,247660,56605
1413,408653,97646
1414,44817,25731
1415,50965,35455
1416,380846,129649
1417,342002,112869
1418,186116,110133
1419,143730,95949
1420,164337,105448
1421,119965,59070
1422,120538,63910
1423,114822,75578
1424,360960,127727
1425,99940,66114
1426,146466,69383
1427,120917,82227
1428,108502,36334
1429,71396,39355
1430,279350,100340
1431,106898,66755
1432,47686,16559
1433,82793,38910
1434,52797,34942
1435,116614,94817
1436,79259,54303
1437,172861,79773
1438,43148,25161
1439,114129,87341
1440,112786,53904
1441,103667,49812
1442,191385,54630
1443,99492,20117
1444,60546,36360
1445,160510,111002
1446,75805,53836
1447,96612,28744
1448,101626,44204
1449,268709,76609
1450,32506,22370
1451,44084,20968
1452,365206,141975
1453,364693,132606
1454,89102,65461
1455,222823,147331
1456,190203,120795
1457,552323,210081
1458,190778,68359
1459,378009,91593
1460,218643,112342
1461,372816,129753
1462,140054,72108
1463,129040,71601
1464,186513,72854
1465,68046,40134
1466,560099,153590
1467,90826,53351
1468,160600,50578
1469,149837,87412
1470,898533,179868
1471,204474,105629
1472,164193,81644
1473,146403,70930
1474,121540,72645
1475,160490,97812
1476,92939,54602
1477,176368,53315
1478,137568,45234
1479,174926,72529
1480,208303,75255
1481,460199,72894
1482,189391,86907
1483,499684,130117
1484,113775,47429
1485,86971,27880
1486,54082,23384
1487,213946,132992
1488,443168,166275
1489,116219,42339
1490,193055,63565
1491,163960,71337
1492,142538,69360
1493,187504,72641
1494,232900,110088
1495,465311,176244
1496,198887,70223
1497,226378,155580
1498,165233,78695
1499,102007,68279
1500,109636,72825
1501,124165,69835
1502,98803,62660
1503,214820,98604
1504,148353,61994
1505,675630,126577
1506,360064,82232
1507,149524,73403
1508,1431100,315543
1509,396301,141941
1510,222781,51452
1511,168937,108359
1512,413710,135484
1513,275556,114966
1514,650714,120122
1515,182822,96218
1516,299740,58107
1517,188025,102802
1518,200312,48334
1519,688365,162741
1520,139948,65749
1521,91822,47622
1522,138785,60611
1523,458800,62710
1524,164460,76379
1525,213228,78637
1526,111310,58090
1527,66086,35554
1528,113852,57522
1529,146865,68032
1530,140905,45379
1531,80540,74424
1532,131200,57118
1533,149445,71438
1534,145118,50283
1535,207921,79539
1536,212932,84978
1537,315332,100444
1538,290474,136917
1539,201870,90673
1540,260401,111739
1541,180830,82395
1542,65470,41429
1543,459589,179744
1544,142964,90779
1545,116022,65404
1546,89962,57681
1547,67177,26347
1548,86380,33199
1549,114383,46641
1550,30721,16450
1551,125518,61885
1552,138663,81195
1553,430348,143609
1554,177667,75724
1555,137049,68871
1556,741308,106479
1557,1182966,179061
1558,329060,54440
1559,162859,50003
1560,453906,78505
1561,138740,58575
1562,318512,93010
1563,101337,63843
1564,326650,101261
1565,176935,112576
1566,35688,22030
1567,808197,138372
1568,94238,36261
1569,411536,141065
1570,330750,151002
1571,62047,30819
1572,146180,68704
1573,189553,92410
1574,124171,62044
1575,24017,14476
1576,208512,85325
1577,132542,66640
1578,189660,56436
1579,142869,44831
1580,116360,84513
1581,105349,53499
1582,180186,71045
1583,186634,98652
1584,157272,70851
1585,273722,77347
1586,181038,73834
1587,124578,56132
1588,76832,39083
1589,128716,62981
1590,161792,89059
1591,671245,145805
1592,211481,106608
1593,289732,123621
1594,157046,84795
1595,355985,117833
1596,396065,167859
1597,345420,113131
1598,271656,121727
1599,422201,183998
1600,335708,160169
1601,272495,88894
1602,177412,79608
1603,253612,123489
1604,62208,39354
1605,906416,273743
1606,485060,107805
1607,180232,97838
1608,242254,99072
1609,183866,117654
1610,258840,85250
1611,1208286,233836
1612,338429,103304
1613,256873,110717
1614,231580,100252
1615,80726,38277
1616,418648,106345
1617,459048,159201
1618,369460,162505
1619,53924,27868
1620,172361,113504
1621,191457,85596
1622,524594,123515
1623,331150,156149
1624,326221,132962
1625,857056,209491
1626,129180,50491
1627,624955,115138
1628,803787,136477
1629,306806,85916
1630,221398,89103
1631,242433,97873
1632,163062,89990
1633,137695,73086
1634,71379,40377
1635,169971,79475
1636,183857,101768
1637,177337,91861
1638,177820,66933
1639,361743,146044
1640,166147,94100
1641,139200,98922
1642,406340,188017
1643,716910,206698
1644,663068,222352
1645,195513,80629
1646,96750,64914
1647,118721,55074
1648,949565,318473
1649,562600,135111
1650,268134,168268
1651,94958,43543
1652,128471,58490
1653,250660,107840
1654,530603,115140
1655,105662,68170
1656,127543,78166
1657,111295,85918
1658,76189,101608
1659,166519,109678
1660,210066,82201
1661,145049,100190
1662,691700,125181
1663,102232,54195
1664,820441,237609
1665,340015,104401
1666,471257,153773
1667,138939,56628
1668,124262,63532
1669,217830,90459
1670,154730,61979
1671,82639,47632
1672,281756,118846
1673,567590,177118
1674,121937,51732
1675,211810,105182
1676,114035,55241
1677,341740,79712
1678,522943,136954
1679,179250,105895
1680,617540,152914
1681,212554,105268
1682,192280,81903
1683,251846,125806
1684,178853,70372
1685,374464,119776
1686,111342,73024
1687,358665,121515
1688,219080,73349
1689,256879,106028
1690,256535,53308
1691,79562,50624
1692,61082,31339
1693,328247,126334
1694,121801,75381
1695,1935306,142350
1696,111012,52176
1697,482281,141305
1698,188382,103565
1699,160771,88305
1700,140312,66705
1701,175781,77513
1702,1046834,240154
1703,331815,87264
1704,159498,82292
1705,151631,82382
1706,148265,73112
1707,582070,147399
1708,150556,81005
1709,75860,38852
1710,90935,67241
1711,155058,78768
1712,163352,132881
1713,50338,26492
1714,112508,63567
1715,247148,136528
1716,160074,71290
1717,142628,79789
1718,143319,61726
1719,128916,100793
1720,114620,77861
1721,133684,61605
1722,130266,63697
1723,115437,60594
1724,121570,42443
1725,282507,34818
1726,260502,78571
1727,529276,133223
1728,262330,85326
1729,91958,40511
1730,104703,61402
1731,112035,49287
1732,89855,54291
1733,41723,22195
1734,134937,60015
1735,96043,51082
1736,132926,118629
1737,146090,61807
1738,140073,64233
1739,42292,25430
1740,130736,76525
1741,96594,62447
1742,114893,79166
1743,81861,44925
1744,55620,27026
1745,138678,49469
1746,62058,40586
1747,86194,48461
1748,176350,73574
1749,69890,37820
1750,96290,34149
1751,52446,24937
1752,73651,49048
1753,84802,36296
1754,47386,26575
1755,35774,28582
1756,73830,39912
1757,91356,56428
1758,117760,59685
1759,100796,68538
1760,89140,45604
1761,164648,65948
1762,140705,105319
1763,116974,84737
1764,26190,15628
1765,57086,36723
1766,123302,54397
1767,111458,51036
1768,130541,64741
1769,181893,99592
1770,237047,109251
1771,239934,101465
1772,97551,39748
1773,157857,74635
1774,39009,22131
1775,83693,52261
1776,183390,108664
1777,207142,116024
1778,210634,92710
1779,109711,48436
1780,146710,62378
1781,302153,83748
1782,194954,108987
1783,294190,75651
1784,273215,109398
1785,349383,60136
1786,117043,42236
1787,146410,74153
1788,144410,70389
1789,117176,47389
1790,120534,58732
1791,140981,73684
1792,191865,53962
1793,119845,64683
1794,361910,78184
1795,82955,47463
1796,118560,54590
1797,178979,81516
1798,150798,63458
1799,63402,42352
1800,656748,98525
1801,205831,85701
1802,198933,99685
1803,72940,55523
1804,194063,143336
1805,109485,74775
1806,226162,77005
1807,97002,53224
1808,136958,60270
1809,174037,140975
1810,157830,82794
1811,227615,108513
1812,85692,45751
1813,134257,82181
1814,175357,96557
1815,125855,40568
1816,121691,75510
1817,390061,75713
1818,232193,44322
1819,287661,126115
1820,280096,80613
1821,385810,165629
1822,163807,52232
1823,54035,42577
1824,75496,37877
1825,40696,13655
1826,98747,50997
1827,510130,162942
1828,142217,53575
1829,130159,65898
1830,47445,20049
1831,142008,72984
1832,104590,44188
1833,84076,35712
1834,122813,60429
1835,246050,105403
1836,150138,47541
1837,134950,59991
1838,131316,66228
1839,171721,91422
1840,153348,60524
1841,263713,74114
1842,221948,99029
1843,214900,128428
1844,84623,60507
1845,118786,60908
1846,63440,38306
1847,96747,42500
1848,129941,71884
1849,162566,85025
1850,141277,35649
1851,109641,69798
1852,107065,60603
1853,646255,92737
1854,232704,78227
1855,111983,31024
1856,46286,37076
1857,91187,39487
1858,155060,69206
1859,125767,68832
1860,102636,61262
1861,92428,48935
1862,152926,87559
1863,243375,83349
1864,87613,45556
1865,133503,59124
1866,91174,60502
1867,136119,65863
1868,166851,42361
1869,462344,137207
1870,354463,108837
1871,115768,50001
1872,176945,100188
1873,147434,70348
1874,134149,71821
1875,50988,27876
1876,219667,106300
1877,150762,56349
1878,293325,87321
1879,651074,188789
1880,172440,87284
1881,84026,32177
1882,196823,104350
1883,258218,167792
1884,160810,80539
1885,155279,81967
1886,321062,98826
1887,342907,86447
1888,159055,70580
1889,403108,156033
1890,119152,68929
1891,139985,65557
1892,137229,59400
1893,65487,33302
1894,106689,48586
1895,211176,71047
1896,113647,64922
1897,191600,105729
1898,124316,69921
1899,149049,67950
1900,84822,42260
1901,112034,62004
1902,340050,102975
1903,95650,66383
1904,148455,90922
1905,98974,63971
1906,138735,50977
1907,177565,93592
1908,138480,99222
1909,93981,40589
1910,356850,60441
1911,146330,71243
1912,114724,65194
1913,201050,124559
1914,559233,104938
1915,149986,77351
1916,228286,53064
1917,107865,62318
1918,97614,48585
1919,116220,63793
1920,98401,51358
1921,132177,54380
1922,171669,54137
1923,72120,42235
1924,292142,92419
1925,159524,49511
1926,85039,56338
1927,89279,67051
1928,112182,41004
1929,234106,90210
1930,253350,103663
1931,54685,26946
1932,158914,75897
1933,163871,102328
1934,138290,54927
1935,198561,113575
1936,210814,70792
1937,198845,85912
1938,810496,208130
1939,101688,67810
1940,210236,47979
1941,221465,125646
1942,43099,18305
1943,262888,102997
1944,268382,113629
1945,826522,119764
1946,325660,137463
1947,836272,128545
1948,473678,282177
1949,200130,89079
1950,81436,40911
1951,163998,56405
1952,372618,159550
1953,221716,79356
1954,243948,87555
1955,504872,68357
1956,295085,130153
1957,427342,129832
1958,1713042,240349
1959,156456,71245
1960,407483,155217
1961,356476,144695
1962,199869,78562
1963,205010,85833
1964,358500,168375
1965,157652,101590
1966,122406,68741
1967,86048,55061
1968,412020,173037
1969,64320,34701
1970,209130,94838
1971,126737,62009
1972,467176,156758
1973,293349,111400
1974,39163,17033
1975,291229,144799
1976,123988,48386
1977,397965,95216
1978,340549,43279
1979,48288,23713
1980,96973,57179
1981,191728,83191
1982,298820,117998
1983,112825,70562
1984,89740,24045
1985,326519,73988
1986,108982,35322
1987,139793,44679
1988,394418,118124
1989,167638,54481
1990,464417,93501
1991,73330,51590
1992,201507,64336
1993,199920,115506
1994,270685,102734
1995,186547,61611
1996,454429,35092
1997,95040,53844
1998,71942,28123
1999,88110,39499
2000,107373,29210
2001,92908,67088
2002,95236,31312
2003,602093,66232
2004,124942,43389
2005,816473,179002
2006,183790,59241
2007,213053,58834
2008,188648,64016
2009,276662,89876
2010,425947,144715
2011,261922,47034
2012,417684,105425
2013,210735,46453
2014,1522522,148279
2015,68884,37804
2016,173220,74544
2017,435565,117241
2018,208505,56144
2019,148185,75345
2020,82243,35336
2021,458310,143524
2022,141013,42809
2023,234907,65516
2024,103216,53236
2025,148740,46520
2026,73048,27104
2027,83547,32546
2028,42118,20165
2029,28081,12206
2030,86823,25621
2031,171838,45628
2032,102610,21052
2033,31693,16210
2034,68218,39477
2035,129429,67703
2036,133259,53682
2037,40490,20723
2038,42993,16342
2039,48565,21750
2040,52656,32527
2041,60605,25995
2042,114702,45444
2043,49833,29148
2044,77850,36391
2045,73515,36134
2046,122747,77500
2047,143152,72677
2048,95882,53464
2049,144861,63560
2050,76444,46568
2051,108677,57369
2052,82974,32941
2053,97150,54276
2054,188786,66908
2055,105590,64808
2056,159007,81886
2057,94787,63858
2058,184011,96992
2059,41728,27307
2060,101090,50314
2061,925501,197484
2062,110270,35960
2063,78166,46618
2064,130099,40800
2065,181059,79536
2066,121681,58532
2067,173248,82666
2068,154729,82459
2069,164735,68287
2070,266011,62452
2071,137838,47371
2072,342385,68191
2073,46856,25453
2074,279720,106977
2075,182270,48953
2076,308854,114643
2077,132303,83865
2078,25013,16245
2079,850162,101066
2080,58955,37419
2081,110542,55770
2082,614900,102669
2083,185066,66393
2084,982436,136271
2085,650671,97042
2086,904965,114559
2087,1069624,97694
2088,574885,62140
2089,627722,88453
2090,433075,98475
2091,226878,81085
2092,412780,112997
2093,126934,72250
2094,41236,20516
2095,150827,80893
2096,99549,51065
2097,414771,55037
2098,74854,39230
2099,58148,42095
2100,197097,86991
2101,189976,92081
2102,78439,38612
2103,188131,53416
2104,42379,28345
2105,140484,57571
2106,205422,59756
2107,190236,84060
2108,173309,80149
2109,138236,60421
2110,94901,53463
2111,92460,48867
2112,244210,79006
2113,123662,63324
2114,102522,59803
2115,380047,127972
2116,190630,65556
2117,177029,52278
2118,94817,39410
2119,324904,58532
2120,208292,58042
2121,41221,13844
2122,58949,22720
2123,153519,51149
2124,62624,25263
2125,75869,48588
2126,67794,50810
2127,81793,27569
2128,71088,39734
2129,157738,56631
2130,299859,67436
2131,67548,34917
2132,140735,48144
2133,133007,33016
2134,108531,47899
2135,238729,97238
2136,118365,59360
2137,112873,58445
2138,161910,52564
2139,11815988,286736
2140,877048,96847
2141,195279,76917
2142,311458,67430
2143,74621,31766
2144,418041,68458
2145,119043,76523
2146,125212,42298
2147,64030,42239
2148,346078,56816
2149,76288,45765
2150,181042,96289
2151,145082,94372
2152,118355,70771
2153,141114,79765
2154,109872,65755
2155,116622,66080
2156,128442,66778
2157,103085,64069
2158,108472,66383
2159,94680,55263
2160,137442,84857
2161,133328,85268
2162,144350,80055
2163,194080,70425
2164,108242,64674
2165,134415,77379
2166,102820,45679
2167,72237,29426
2168,202615,85800
2169,223190,93736
2170,166379,82598
2171,115930,58857
2172,234305,99994
2173,102305,51068
2174,100800,58037
2175,105580,61032
2176,130170,71702
2177,109935,61794
2178,303701,65196
2179,104458,41740
2180,128330,53323
2181,157822,73163
2182,147420,77163
2183,101880,55265
2184,193575,88285
2185,159730,75511
2186,173848,80373
2187,173425,82045
2188,111388,62915
2189,247220,96706
2190,68480,27164
2191,127050,74465
2192,119550,63365
2193,100392,56431
2194,357260,160229
2195,134145,61170
2196,104881,51390
2197,88635,47505
2198,142285,61686
2199,139640,66612
2200,136485,58435
2201,126425,58724
2202,67135,30990
2203,125740,59962
2204,189060,65845
2205,93185,52439
2206,241410,141448
2207,115430,56894
2208,72815,27702
2209,103770,65705
2210,152985,60542
2211,122575,56792
2212,140610,67133
2213,130825,64882
2214,161105,82810
2215,114175,62036
2216,95873,52875
2217,181390,80703
2218,108630,66200
2219,163475,64209
2220,117230,50234
2221,292260,117436
2222,196460,79839
2223,206290,97830
2224,180370,76307
2225,255200,68610
2226,78980,35877
2227,59460,18447
2228,162350,86310
2229,616250,125525
2230,315470,123033
2231,93045,25697
2232,358100,113104
2233,75357,48728
2234,89990,56459
2235,61265,34548
2236,97425,39123
2237,76250,33094
2238,86415,47395
2239,82474,45577
2240,62495,34020
2241,91813,50817
2242,113982,69136
2243,65592,38003
2244,112398,64525
2245,105513,68235
2246,101233,61898
2247,67052,25177
2248,87665,55016
2249,81898,49429
2250,100157,58525
2251,77352,42350
2252,84171,46854
2253,80605,40780
2254,75340,40015
2255,119570,58249
2256,103537,59956
2257,89820,49300
2258,81315,47257
2259,118756,64835
2260,119160,67830
2261,113421,56057
2262,107104,67321
2263,124477,64522
2264,106390,64699
2265,106420,59987
2266,103339,56902
2267,116134,64865
2268,95764,50729
2269,108295,56664
2270,125493,70764
2271,114690,69365
2272,98220,45518
2273,119505,79004
2274,123174,86602
2275,118989,60668
2276,86042,54587
2277,92680,56215
2278,103759,59408
2279,82820,48117
2280,88704,43782
2281,101610,49883
2282,100725,58117
2283,120010,73497
2284,127570,75843
2285,138840,82505
2286,95290,53094
2287,102225,55069
2288,129720,69257
2289,99990,57914
2290,107850,68775
2291,99300,53805
2292,117830,68970
2293,98450,51594
2294,337464,116506
2295,321050,198326
2296,184162,134962
2297,1411792,221205
2298,163053,71338
2299,415341,148050
2300,414998,201404
2301,213460,166388
2302,205508,151581
2303,250305,129036
2304,374862,126100
2305,1541760,145380
2306,596805,191183
2307,258622,201272
2308,1222260,218483
2309,202687,104507
2310,701011,222243
2311,443065,139959
2312,164328,81889
2313,125834,78392
2314,257444,39666
2315,117568,64367
2316,183664,118190
2317,256316,104715
2318,323451,110849
2319,150509,51335
2320,624760,154234
2321,612183,170270
2322,109447,57549
2323,223725,77957
2324,287900,66051
2325,235142,131654
2326,1107535,240896
2327,1198920,231756
2328,243510,103799
2329,320475,241329
2330,411360,192463
2331,1145410,276674
2332,1743278,395566
2333,240000,113703
2334,327592,240909
2335,123460,88915
2336,135355,40870
2337,356285,329490
2338,609877,141915
2339,321298,183347
2340,344300,188131
2341,1005758,186596
2342,100885,89919
2343,603440,395695
2344,326090,142485
2345,192450,113753
2346,92470,60573
2347,247550,148590
2348,109897,50656
2349,444197,143636
2350,325784,177819
2351,88148,52953
2352,709549,220144
2353,139486,58050
2354,935873,250602
2355,347948,169367
2356,193982,133150
2357,130336,71239
2358,195351,79689
2359,255684,114731
2360,458059,185561
2361,543606,123393
2362,635443,237872
2363,161587,126916
2364,384740,123975
2365,677189,280237
2366,358954,71615
2367,222136,99362
2368,84390,55630
2369,121804,77762
2370,379588,271995
2371,134618,89400
2372,212979,143116
2373,388098,139428
2374,270940,92574
2375,168922,119332
2376,516593,240575
2377,124314,36732
2378,550343,215884
2379,451596,135428
2380,1322828,258014
2381,153772,29409
2382,127580,98722
2383,219946,178976
2384,270975,103846
2385,275194,119414
2386,289732,139456
2387,457207,153566
2388,574254,275627
2389,2797276,179751
2390,195613,141828
2391,479067,160618
2392,85830,67407
2393,423985,101279
2394,460068,70505
2395,791936,133533
2396,851069,176870
2397,324046,127130
2398,335330,155287
2399,217080,132171
2400,198530,170394
2401,448579,221611
2402,907664,112215
2403,134068,89794
2404,297856,84474
2405,491420,175750
2406,862168,191280
2407,555464,280617
2408,356562,160919
2409,265802,117417
2410,480715,171649
2411,280148,179771
2412,834565,245479
2413,197948,144470
2414,196646,134619
2415,340988,115370
2416,268869,130037
2417,286991,201671
2418,1209803,263478
2419,404056,203959
2420,440681,181163
2421,176480,80113
2422,1230785,250166
2423,165326,91016
2424,284183,83425
2425,581438,164170
2426,253679,170286
2427,59720,22356
2428,88150,60672
2429,93168,45455
2430,561400,181595
2431,168548,64344
2432,291660,112639
2433,179238,57438
2434,277441,102205
2435,227194,159911
2436,268772,136127
2437,231458,93694
2438,183748,108060
2439,721230,222553
2440,197586,78618
2441,154811,97541
2442,360050,87413
2443,690659,282856
2444,392438,118724
2445,369713,166467
2446,116395,77415
2447,231370,75963
2448,203972,136012
2449,108320,50850
2450,285760,110305
2451,226848,84758
2452,201274,93633
2453,225904,123387
2454,518000,186904
2455,113356,64293
2456,294428,147552
2457,238100,162090
2458,207868,61350
2459,232376,76947
2460,248524,127282
2461,92288,41615
2462,368162,173005
2463,249819,114578
2464,434032,192152
2465,364298,155000
2466,528471,134117
2467,200436,73701
2468,154888,60692
2469,158262,80211
2470,1418900,248641
2471,407890,101665
2472,338797,73157
2473,345920,114994
2474,245688,144779
2475,440560,133773
2476,184078,133216
2477,550988,157423
2478,252436,130365
2479,244735,177074
2480,156757,77875
2481,65293,38342
2482,173544,107344
2483,151796,97788
2484,170980,71843
2485,172318,82870
2486,552729,175646
2487,275221,134178
2488,159849,62660
2489,79643,64113
2490,240158,143407
2491,372190,49832
2492,154130,55090
2493,134506,58623
2494,237292,101236
2495,404550,155962
2496,115520,107073
2497,191471,169613
2498,411809,303140
2499,198162,119382
2500,466616,162679
2501,168363,143686
2502,365690,96136
2503,165293,94549
2504,530710,184463
2505,5652261,415217
2506,149913,72069
2507,238000,124953
2508,188482,111977
2509,239514,64467
2510,247890,64237
2511,685454,113571
2512,312110,118084
2513,203782,67332
2514,647517,69016
2515,213564,52859
2516,1601823,155339
2517,726581,223130
2518,226246,39467
2519,183944,69860
2520,118410,71019
2521,151380,80889
2522,282373,112023
2523,146190,77491
2524,95530,67688
2525,49236,33016
2526,398132,134982
2527,52537,55210
2528,132998,63294
2529,81420,73498
2530,174080,82946
2531,89660,60126
2532,69721,58427
2533,216180,79171
2534,408384,87676
2535,349453,109367
2536,83210,50856
2537,141282,55847
2538,178429,72384
2539,405780,147484
2540,105927,73389
2541,356706,139740
2542,250940,80037
2543,321655,154973
2544,126013,71120
2545,501660,153966
2546,233165,76147
2547,221940,92285
2548,302026,107143
2549,565900,158098
2550,406055,171817
2551,125002,52257
2552,287350,148814
2553,132010,78144
2554,138534,73452
2555,214270,100829
2556,380070,135538
2557,151145,55504
2558,432028,185925
2559,191164,104941
2560,337660,47699
2561,160045,44850
2562,257145,87877
2563,153990,92679
2564,255160,105128
2565,128750,70425
2566,264962,97879
2567,214290,100288
2568,79352,22267
2569,274875,118507
2570,323680,89766
2571,232279,100313
2572,284052,88305
2573,277688,120316
2574,350190,152900
2575,494465,209204
2576,400600,119683
2577,719760,202206
2578,520580,172204
2579,172240,60367
2580,267050,107573
2581,329655,135840
2582,546281,180136
2583,316700,151377
2584,537464,129939
2585,264300,111758
2586,218140,112783
2587,122336,66365
2588,436650,182148
2589,105700,56767
2590,94534,44723
2591,73270,57302
2592,310188,85987
2593,101000,63193
2594,169660,96232
2595,397002,149034
2596,67558,32543
2597,32600,14374
2598,71299,43174
2599,209469,147896
2600,701520,170988
2601,1975400,365391
2602,569285,145855
2603,750598,216245
2604,1586060,286651
2605,625700,223560
2606,310210,88287
2607,670190,136199
2608,998280,240305
2609,289790,129330
2610,427100,188034
2611,753295,218223
2612,677990,143628
2613,196484,61987
2614,230720,89916
2615,137788,81934
2616,124595,66235
2617,233040,105760
2618,294600,109252
2619,203760,87565
2620,319030,61025
2621,180711,96183
2622,152935,88404
2623,208458,103163
2624,536166,236762
2625,534256,185654
2626,249205,72129
2627,228770,64053
2628,256945,75960
2629,148440,86207
2630,20662,8606
2631,416063,73068
2632,150387,53875
2633,796289,82761
2634,373435,144514
2635,198064,70027
2636,336753,131599
2637,344332,120972
2638,184778,71916
2639,384920,145279
2640,20517,11323
2641,391746,181788
2642,398648,183590
2643,436964,156709
2644,1477098,185749
2645,328497,105527
2646,1026988,219220
2647,192118,75478
2648,445750,117936
2649,286838,139312
2650,191534,71915
2651,213996,67151
2652,203873,104027
2653,384590,94216
2654,457400,147398
2655,147670,66045
2656,329695,74505
2657,193510,78043
2658,522146,190497
2659,182897,88385
2660,480933,129992
2661,152964,86298
2662,503542,168925
2663,249719,103592
2664,113370,51932
2665,413895,171332
2666,238485,86527
2667,530172,125311
2668,75158,32899
2669,238450,97405
2670,388138,137837
2671,354168,120735
2672,305396,98063
2673,531744,113319
2674,373615,131770
2675,542215,149307
2676,311280,147885
2677,816500,160418
2678,327300,103878
2679,311220,141291
2680,276728,78857
2681,409655,106422
2682,645525,178260
2683,703600,202947
2684,963700,171404
2685,355820,180438
2686,568150,197835
2687,268770,99315
2688,1114560,238235
2689,151285,62182
2690,257900,108126
2691,265190,127676
2692,208321,108064
2693,191000,84222
2694,180050,99487
2695,142558,75810
2696,343292,137456
2697,845840,188750
2698,354380,91052
2699,150926,30302
2700,142862,68579
2701,187850,80246
2702,247782,89449
2703,397503,120989
2704,98368,59963
2705,132822,73465
2706,69451,26697
2707,223658,57275
2708,486660,93067
2709,389885,102838
2710,235588,73368
2711,52105,24698
2712,140200,62840
2713,144116,74308
2714,76800,40087
2715,87956,43501
2716,69006,41405
2717,64140,38497
2718,142651,75929
2719,217652,142842
2720,386532,127643
2721,589384,166518
2722,299060,131246
2723,122358,65066
2724,112560,36394
2725,451584,122259
2726,436590,207355
2727,61922,22724
2728,126672,34759
2729,118620,43142
2730,209479,76297
2731,710545,105726
2732,192742,121931
2733,316860,133069
2734,351575,83899
2735,908445,102307
2736,683595,160910
2737,790420,160477
2738,328732,69570
2739,202104,59286
2740,198770,77068
2741,451749,80528
2742,209206,86189
2743,547170,165300
2744,731952,80734
2745,1597735,339763
2746,155392,114745
2747,221488,114627
2748,923032,209938
2749,807512,198182
2750,199110,124414
2751,151345,53936
2752,732740,232273
2753,2226450,259035
2754,300625,88403
2755,478490,119916
2756,129387,64575
2757,256755,109231
2758,988656,261533
2759,183220,47112
2760,284151,101773
2761,324730,179646
2762,185385,102136
2763,388394,128831
2764,217038,76035
2765,468660,135115
2766,199478,90598
2767,199481,105792
2768,86010,38418
2769,225317,60486
2770,312358,119500
2771,96080,44423
2772,291586,96225
2773,264914,97974
2774,204924,77036
2775,395410,116802
2776,296970,91833
2777,313300,122622
2778,360006,112215
2779,73836,33795
2780,263860,89247
2781,580205,87185
2782,230098,45192
2783,135456,90516
2784,429560,109568
2785,188440,77982
2786,106590,55681
2787,297333,84551
2788,369066,110510
2789,74275,35606
2790,41134,19640
2791,1111934,189779
2792,257925,72183
2793,139108,58206
2794,166790,56623
2795,119390,42166
2796,174340,59944
2797,283311,89844
2798,171485,92000
2799,97492,64276
2800,240993,122073
2801,62675,29654
2802,123245,66849
2803,86070,49686
2804,152125,61915
2805,235780,102621
2806,188710,100111
2807,290325,102184
2808,268230,140681
2809,151125,51224
2810,163558,83416
2811,1006378,220412
2812,143570,42197
2813,281040,101771
2814,275089,111665
2815,119233,48223
2816,247295,100106
2817,247985,76674
2818,225820,39094
2819,201992,81711
2820,237150,66150
2821,421101,109474
2822,79750,44475
2823,488208,55448
2824,199928,51883
2825,643920,249908
2826,228380,55087
2827,410515,87064
2828,467513,141250
2829,193273,115965
2830,217238,113617
2831,209043,101156
2832,493200,113515
2833,111360,37769
2834,228947,114922
2835,307451,128273
2836,206827,117299
2837,292658,169258
2838,249900,94521
2839,281162,87073
2840,818192,194534
2841,964156,160887
2842,389615,94411
2843,177200,85282
2844,425166,75586
2845,375546,158161
2846,243600,131054
2847,140000,66358
2848,391698,178100
2849,414160,127950
2850,235960,74655
2851,543500,213007
2852,351600,121551
2853,450300,153845
2854,144060,40982
2855,338246,110463
2856,235061,85507
2857,232720,104858
2858,510796,198466
2859,201894,89686
2860,533720,127670
2861,284230,91283
2862,147560,80003
2863,442700,110412
2864,171175,108555
2865,321410,214627
2866,892080,197946
2867,214420,108485
2868,298496,112644
2869,90020,44209
2870,221050,120947
2871,397460,173841
2872,356840,168751
2873,1092784,341915
2874,540060,150002
2875,297200,82570
2876,158800,98516
2877,216000,50184
2878,299000,134023
2879,632606,206884
2880,325456,94327
2881,229880,54333
2882,199989,85489
2883,141800,74260
2884,232535,102936
2885,336000,128195
2886,178310,74260
2887,352504,65589
2888,118952,43152
2889,191338,37629
2890,80172,27817
2891,88860,21343
2892,250390,54514
2893,124908,57317
2894,397322,86580
2895,234160,59034
2896,217515,64195
2897,2504326,105559
2898,1881209,127066
2899,1157846,225465
2900,860520,136102
2901,739480,143161
2902,500100,117718
2903,550271,105651
2904,741463,147109
2905,490650,195523
2906,507565,116644
2907,20453,20012
2908,65529,32829
2909,133733,63889
2910,124578,33688
2911,110064,50360
2912,47577,16087
2913,99084,29383
2914,327215,103455
2915,175178,87771
2916,57244,25779
2917,141320,54162
2918,62428,35230
2919,92009,14515
2920,114768,59516
2921,179115,104360
2922,60924,29100
2923,65046,25545
2924,432120,107696
2925,115246,50394
2926,79395,20054
2927,610048,67658
2928,75424,16783
2929,482606,48640
2930,84858,37541
2931,116338,34716
2932,136230,33727
2933,88160,43268
2934,189531,35629
2935,213661,78168
2936,102068,32880
2937,1432120,143458
2938,458902,77702
2939,170103,85457
2940,192828,71407
2941,180483,63454
2942,198600,72774
2943,1365550,101806
2944,201096,49823
2945,224205,52946
2946,121534,43745
2947,255070,61479
2948,273900,81158
2949,166575,45480
2950,45564,18981
2951,254890,98398
2952,602420,114992
2953,204330,63341
2954,292210,101301
2955,417326,138096
2956,423990,133556
2957,225480,103898
2958,333020,49736
2959,253428,98995
2960,280455,100976
2961,120726,75332
2962,274105,105758
2963,176816,81027
2964,402530,105613
2965,718952,238261
2966,541410,172605
2967,204213,109961
2968,230228,142928
2969,336500,150213
2970,365193,145029
2971,344910,55612
2972,153250,53199
2973,360305,127021
2974,122040,78738
2975,701959,145743
2976,282310,106389
2977,509677,117267
2978,644960,209874
2979,343200,174290
2980,247630,107202
2981,227575,111946
2982,204961,91017
2983,108935,68368
2984,572311,187836
2985,391650,136793
2986,79645,46082
2987,186673,72545
2988,268385,80475
2989,213005,99599
2990,590293,125358
2991,552342,179798
2992,104975,25574
2993,530472,217963
2994,794964,131556
2995,223117,100085
2996,129332,49135
2997,114390,31398
2998,406376,104373
2999,331403,127930
3000,119312,25750
3001,252005,74698
3002,95963,41833
3003,175680,44108
3004,182930,61624
3005,404200,168443
3006,223414,68404
3007,293170,105509
3008,134220,42893
3009,133220,46677
3010,336855,75549
3011,92899,43728
3012,69990,53115
3013,269239,106267
3014,130307,48120
3015,52057,31030
3016,65168,40562
3017,839998,124139
3018,177269,71025
3019,309230,97139
3020,454240,108698
3021,164950,98472
3022,103895,45417
3023,327323,37401
3024,124229,79638
3025,120920,50784
3026,247452,43424
3027,276822,127837
3028,259750,84753
3029,352200,109447
3030,298690,111377
3031,392750,198136
3032,314452,125162
3033,418249,83687
3034,343320,54351
3035,301880,129464
3036,716835,143081
3037,266420,161066
3038,518552,168948
3039,99337,32899
3040,258304,116897
3041,371600,100682
3042,270185,139848
3043,216000,64790
3044,87598,23201
3045,254934,102692
3046,49437,16703
3047,74678,45221
3048,152745,110401
3049,168148,89343
3050,209530,62109
3051,613680,119315
3052,78831,28391
3053,859051,127451
3054,150625,78505
3055,104977,50180
3056,131490,128923
3057,396640,113686
3058,71992,43041
3059,116970,69635
3060,83063,42605
3061,111755,74132
3062,100150,77777
3063,109275,60972
3064,127512,51870
3065,128740,73428
3066,178220,72540
3067,312255,104851
3068,176580,89099
3069,102155,46161
3070,285561,126780
3071,232840,80071
3072,158499,74539
3073,180424,82645
3074,445288,173170
3075,481780,87942
3076,241563,72905
3077,80730,39642
3078,141803,92494
3079,256229,114326
3080,354565,151534
3081,407553,105054
3082,370684,123148
3083,377968,186282
3084,464800,109922
3085,433212,146654
3086,200990,86531
3087,319200,140170
3088,347270,115611
3089,202475,55904
3090,448310,136371
3091,167518,28162
3092,293390,140270
3093,174090,82940
3094,1422800,115119
3095,422700,98684
3096,311348,166540
3097,737196,144688
3098,204490,93401
3099,95308,51718
3100,201220,65850
3101,370300,118796
3102,147392,59593
3103,165312,89091
3104,211758,108645
3105,244220,87906
3106,108322,48142
3107,183850,92864
3108,350698,101647
3109,206470,67433
3110,159990,52895
3111,158310,38626
3112,138285,47411
3113,174632,80977
3114,257031,121415
3115,94450,52551
3116,117290,45287
3117,151598,72097
3118,137080,38464
3119,107042,19409
3120,209098,66990
3121,177342,65674
3122,285300,97899
3123,275160,81233
3124,147940,68007
3125,346700,128092
3126,194190,61951
3127,158192,58978
3128,130400,71457
3129,148500,65468
3130,220790,84636
3131,361111,85905
3132,171352,78924
3133,240688,73278
3134,224800,81957
3135,340911,75352
3136,273790,118562
3137,69830,27448
3138,103210,40338
3139,105440,33321
3140,41120,16719
3141,281020,77390
3142,564722,141775
3143,219658,96440
3144,529675,124396
3145,1112311,236504
3146,181458,73935
3147,189710,137241
3148,99322,35271
3149,548535,139923
3150,450097,150184
3151,357289,108244
3152,912410,142189
3153,408275,123156
3154,279310,86371
3155,324409,133365
3156,796842,143264
3157,589800,144909
3158,334555,182810
3159,305595,101529
3160,424670,93903
3161,660000,126204
3162,230800,113064
3163,232748,61829
3164,392520,115899
3165,260510,61860
3166,865626,162168
3167,593350,209642
3168,808815,231913
3169,211110,51238
3170,283300,131985
3171,257785,69984
3172,426450,97517
3173,225300,54678
3174,261366,89048
3175,373927,92542
3176,73058,19698
3177,212120,58808
3178,225610,118914
3179,273730,40579
3180,294314,90632
3181,98632,37013
3182,316650,68413
3183,282926,107067
3184,130535,54339
3185,78432,15166
3186,147728,109474
3187,273474,58871
3188,123091,59776
3189,100465,57264
3190,210250,47107
3191,158470,84139
3192,735148,162060
3193,84344,39420
3194,252630,110881
3195,499262,180397
3196,454306,113073
3197,307292,114164
3198,355600,162503
3199,659278,253044
3200,225280,83502
3201,313150,150642
3202,185818,106554
3203,354840,160271
3204,503045,178969
3205,223980,101549
3206,312401,58708
3207,68150,26707
3208,271582,106341
3209,69504,31979
3210,458650,124107
3211,206650,117481
3212,112198,56710
3213,155060,79460
3214,210750,86618
3215,404545,155184
3216,394433,100478
3217,271652,116228
3218,348264,104412
3219,181389,71923
3220,171960,81048
3221,331296,103039
3222,138800,63718
3223,105620,40363
3224,320976,81332
3225,257960,72290
3226,194410,73827
3227,395685,132985
3228,150825,70859
3229,182990,69221
3230,71250,34814
3231,241800,93576
3232,309489,45300
3233,187992,74927
3234,128500,89957
3235,156600,91833
3236,202275,90086
3237,131243,76097
3238,484310,187694
3239,285150,68819
3240,439751,132550
3241,190673,91777
3242,155880,105112
3243,611189,128171
3244,578990,167209
3245,253490,146976
3246,218654,76012
3247,1022592,183238
3248,156182,85136
3249,332619,137981
3250,108798,77696
3251,279333,136437
3252,209900,119138
3253,258956,106804
3254,435930,121188
3255,213425,110626
3256,213340,112617
3257,289415,151727
3258,317128,150803
3259,220084,86320
3260,270540,128458
3261,357725,120601
3262,160998,39122
3263,523838,135329
3264,569716,101178
3265,682917,214297
3266,327327,124612
3267,415342,125998
3268,283180,76226
3269,325415,176633
3270,425840,180589
3271,196740,89195
3272,542526,158362
3273,369518,106842
3274,390300,124125
3275,264000,112972
3276,204922,61551
3277,98460,41881
3278,278730,78043
3279,261750,87496
3280,97158,38519
3281,192270,113125
3282,198102,49901
3283,209615,105142
3284,137208,18689
3285,135000,45895
3286,67227,26834
3287,120395,59623
3288,89617,37300
3289,222720,85835
3290,307690,98894
3291,679000,159298
3292,121235,59179
3293,95274,77894
3294,159916,75618
3295,252025,163958
3296,184527,93344
3297,274920,145819
3298,272675,127095
3299,207870,102631
3300,412934,150570
3301,313980,150087
3302,166208,79308
3303,216929,124316
3304,748782,224354
3305,176160,78776
3306,295975,130374
3307,370822,119638
3308,156040,46417
3309,152003,42531
3310,1026256,97330
3311,118251,71845
3312,97262,70810
3313,176045,49078
3314,67651,40552
3315,79825,47715
3316,69525,36209
3317,85753,55538
3318,413427,68960
3319,194685,56960
3320,149405,92633
3321,252084,110382
3322,38215,18893
3323,137650,74687
3324,110690,41014
3325,236480,97979
3326,86532,44732
3327,182822,104169
3328,117800,54092
3329,114058,33213
3330,107660,57778
3331,101080,28041
3332,53086,28087
3333,155250,66494
3334,103331,58926
3335,312175,88053
3336,481408,106047
3337,97412,56083
3338,255670,116893
3339,60047,24150
3340,114370,56371
3341,1223409,82561
3342,99794,59461
3343,237775,21222
3344,112347,22031
3345,91084,25468
3346,51340,16708
3347,37814,22444
3348,361156,91499
3349,28485,14541
3350,63750,16496
3351,168447,85995
3352,40326,16293
3353,199229,48265
3354,127670,27018
3355,138542,73875
3356,160288,27490
3357,212570,66613
3358,133060,82703
3359,169325,90901
3360,189902,71934
3361,338176,49275
3362,464186,83351
3363,190470,78913
3364,167920,59182
3365,162460,60738
3366,208820,58206
3367,79994,54492
3368,404676,134912
3369,445608,107071
3370,238850,83653
3371,144950,77565
3372,279500,85348
3373,106879,48648
3374,182702,66084
3375,755800,80525
3376,150440,50788
3377,427337,101599
3378,874987,111229
3379,580478,128309
3380,298365,77161
3381,283571,76950
3382,538740,102794
3383,266195,43015
3384,741090,117460
3385,270271,63110
3386,157025,72056
3387,473430,97956
3388,151250,29931
3389,495296,95759
3390,1135698,113869
3391,320200,120682
3392,338552,85510
3393,148433,39457
3394,183495,50144
3395,1103470,111726
3396,260633,42098
3397,518670,101390
3398,125936,37734
3399,177795,36452
3400,520705,142959
3401,365490,71284
3402,204552,97591
3403,365920,104765
3404,312437,47235
3405,367460,119580
3406,789904,145562
3407,648103,113407
3408,368953,109608
3409,438935,104195
3410,386000,147778
3411,298800,105924
3412,591450,120032
3413,669182,167831
3414,259706,28285
3415,832117,171716
3416,283050,82422
3417,143757,63190
3418,406216,145185
3419,457060,102917
3420,425196,158602
3421,139120,97102
3422,270895,124406
3423,627680,159413
3424,395720,52457
3425,249350,82329
3426,291930,99281
3427,113670,69473
3428,516440,215658
3429,495560,140992
3430,369790,141497
3431,363400,122696
3432,235930,92114
3433,173560,68266
3434,296293,108805
3435,402168,156753
3436,164627,88270
3437,144000,79908
3438,390295,100671
3439,169328,57838
3440,625296,92577
3441,328335,94389
3442,94205,71717
3443,447328,118308
3444,174641,68236
3445,145980,84139
3446,194078,90245
3447,277434,102955
3448,202715,65794
3449,345485,157173
3450,454781,68486
3451,740610,85054
3452,255931,71271
3453,186145,105105
3454,173443,104147
3455,429848,105016
3456,280340,89618
3457,131045,68630
3458,743294,113186
3459,851713,204293
3460,1173240,175123
3461,197510,47085
3462,194248,49153
3463,173400,53768
3464,1065000,200589
3465,876732,114135
3466,259770,81617
3467,480971,135943
3468,421900,126370
3469,1008440,144610
3470,272712,69414
3471,292125,72186
3472,234120,122055
3473,378790,156705
3474,707867,186089
3475,188580,85117
3476,331180,108573
3477,280230,111256
3478,228430,108938
3479,725390,185819
3480,121680,71566
3481,1199554,307001
3482,883083,184264
3483,194906,58166
3484,1770170,167114
3485,786193,139202
3486,996820,173955
3487,354460,86576
3488,807600,105174
3489,432105,133687
3490,523140,98329
3491,785803,85439
3492,93818,32974
3493,252752,78670
3494,577304,100743
3495,945622,140549
3496,111830,47440
3497,445760,131917
3498,242582,49962
3499,765600,122361
3500,821793,129420
3501,467675,143277
3502,172682,55331
3503,704761,210136
3504,499253,104189
3505,224504,40598
3506,461551,51075
3507,150765,22346
3508,1440580,79941
3509,579000,77697
3510,310500,123454
3511,1002354,211792
3512,311450,88845
3513,477590,102664
3514,418250,119501
3515,215965,62835
3516,132703,48406
3517,409235,91645
3518,276600,82618
3519,2355252,273024
3520,1070200,126902
3521,507550,134586
3522,361860,150510
3523,253686,69920
3524,529776,149595
3525,237648,88820
3526,433500,132509
3527,482290,145942
3528,709641,184391
3529,655060,174762
3530,428030,145679
3531,798140,172675
3532,244548,57962
3533,533350,107533
3534,330982,80691
3535,261785,110681
3536,119390,59672
3537,951649,169327
3538,684160,184981
3539,354754,105126
3540,349429,130856
3541,499578,169422
3542,370922,130833
3543,343899,99253
3544,724276,141101
3545,326000,128226
3546,367319,93570
3547,450270,110926
3548,265700,117931
3549,507400,148083
3550,1065628,223951
3551,870521,210356
3552,617500,165560
3553,1053288,146864
3554,829645,162206
3555,558898,123696
3556,274620,75252
3557,387276,118686
3558,268563,82386
3559,464004,179926
3560,579568,219293
3561,186678,95703
3562,204300,67663
3563,226264,117796
3564,254352,46347
3565,371270,70400
3566,190300,62748
3567,385633,100673
3568,195623,67495
3569,199120,133185
3570,498332,83188
3571,842562,79113
3572,175516,65660
3573,338375,87258
3574,725272,260531
3575,236400,78101
3576,251560,132630
3577,288095,103726
3578,93435,57155
3579,223465,71058
3580,259580,64257
3581,625370,169125
3582,306300,90875
3583,180248,57563
3584,288097,132085
3585,252864,125081
3586,283804,118612
3587,661700,118147
3588,518424,133980
3589,790809,166437
3590,353225,128233
3591,488462,173631
3592,361500,73223
3593,354615,144675
3594,230448,87156
3595,491100,104873
3596,851600,93201
3597,260800,86909
3598,270384,96580
3599,122892,66237
3600,1244902,238763
3601,148144,51335
3602,304440,118014
3603,397040,113882
3604,515550,142394
3605,308993,65245
3606,168160,21220
3607,212310,74147
3608,93025,42234
3609,170050,55513
3610,121630,41947
3611,1078400,106991
3612,621854,103442
3613,258545,65390
3614,808572,110540
3615,461200,70463
3616,335030,66292
3617,892601,252392
3618,482313,108713
3619,910433,97269
3620,213395,33565
3621,334891,130153
3622,231940,128210
3623,320490,50529
3624,310900,94709
3625,604732,131831
3626,199672,169922
3627,392284,120072
3628,595300,129003
3629,453270,173831
3630,128410,58896
3631,504714,110689
3632,397244,111423
3633,665464,122585
3634,255522,110745
3635,106033,43155
3636,416054,106157
3637,86698,27957
3638,205020,137261
3639,294850,75483
3640,249540,110803
3641,206610,96089
3642,128375,83938
3643,748550,186182
3644,375725,130807
3645,220449,119990
3646,256210,73547
3647,296000,114531
3648,370508,74033
3649,296446,103404
3650,135967,62802
3651,354400,138784
3652,474810,135825
3653,132663,61254
3654,383433,91709
3655,484230,103445
3656,336470,88513
3657,254350,99427
3658,139120,55110
3659,284000,62558
3660,312113,85731
3661,410617,130654
3662,215667,62334
3663,341650,93459
3664,193650,95840
3665,92548,51141
3666,190070,57125
3667,165648,76035
3668,93662,44244
3669,231400,166514
3670,268365,98548
3671,130310,48770
3672,145110,97293
3673,224686,114762
3674,308890,81728
3675,269100,142220
3676,654058,95337
3677,385418,149731
3678,293132,117010
3679,153099,86321
3680,129330,89477
3681,337875,90017
3682,363050,69294
3683,496121,163921
3684,135288,55423
3685,288490,158844
3686,637858,178064
3687,310484,122025
3688,196382,100453
3689,427036,111948
3690,2096620,254622
3691,1409663,96123
3692,404370,123975
3693,1162500,301904
3694,368580,62092
3695,448522,61737
3696,152077,26543
3697,137316,81418
3698,289600,46672
3699,420950,126486
3700,196880,109436
3701,1228580,156533
3702,250288,41347
3703,533750,108270
3704,797200,116618
3705,884124,137662
3706,1147562,178325
3707,121028,28855
3708,245385,87486
3709,195000,86721
3710,502000,99969
3711,163205,22156
3712,203470,74300
3713,316433,82294
3714,391184,118921
3715,99868,19161
3716,242245,98183
3717,324622,77767
3718,571050,168034
3719,1264414,217616
3720,195060,85623
3721,1427462,120168
3722,149082,75910
3723,325532,98483
3724,219685,86215
3725,330110,46384
3726,1146321,141448
3727,182128,149831
3728,260425,52954
3729,277531,254587
3730,180196,73343
3731,185330,82822
3732,494275,45894
3733,101928,30220
3734,164045,68005
3735,103177,40650
3736,504366,110462
3737,721578,49615
3738,99873,35862
3739,481115,74513
3740,391829,51431
3741,224923,63863
3742,929155,101474
3743,330057,83234
3744,428250,106817
3745,156293,40069
3746,158455,76433
3747,140705,43278
3748,261098,106032
3749,278514,88694
3750,274705,96658
3751,64206,22466
3752,146233,52235
3753,135624,57597
3754,183420,69949
3755,73278,51510
3756,202912,64441
3757,159893,93276
3758,308855,67604
3759,391390,86045
3760,88620,60665
3761,391805,79675
3762,102630,47932
3763,560209,47306
3764,203991,57371
3765,89810,72161
3766,225635,70390
3767,499337,81347
3768,147955,56007
3769,395655,90371
3770,56385,46189
3771,331145,66323
3772,147385,92714
3773,82680,45756
3774,142697,54252
3775,340295,124213
3776,263490,79707
3777,97562,67697
3778,172991,54097
3779,88803,27662
3780,191940,82714
3781,109851,62157
3782,145694,63335
3783,323574,124891
3784,269295,86019
3785,328177,73612
3786,325665,116747
3787,99350,45590
3788,200265,43528
3789,263022,39774
3790,86458,21555
3791,196815,33615
3792,224345,30779
3793,190675,46118
3794,91570,37731
3795,204130,47517
3796,304720,75997
3797,198505,39080
3798,190560,51294
3799,467845,52665
3800,122235,30065
3801,454860,55062
3802,175290,39016
3803,135100,15952
3804,285065,57849
3805,206115,45501
3806,226100,54899
3807,234155,108325
3808,223359,80270
3809,217092,86052
3810,373540,89223
3811,453416,110505
3812,74473,13484
3813,329565,83408
3814,341505,78269
3815,283071,41509
3816,278139,40705
3817,285845,81868
3818,177740,50021
3819,232160,64442
3820,201800,77541
3821,176900,62614
3822,244490,94129
3823,161560,50804
3824,204280,105852
3825,189602,75623
3826,222466,83694
3827,154966,84622
3828,438295,115059
3829,356167,111051
3830,531804,123772
3831,526620,131671
3832,444240,128577
3833,48778,22856
3834,282535,111292
3835,152395,69054
3836,574833,167198
3837,166975,75760
3838,214850,80339
3839,368660,115001
3840,750620,117940
3841,110410,51589
3842,402150,89280
3843,164740,67942
3844,773000,101833
3845,93419,38446
3846,79910,30158
3847,318000,86456
3848,125140,41028
3849,211800,44767
3850,180600,94024
3851,425200,90280
3852,83460,49571
3853,137460,43473
3854,462620,115651
3855,253625,91877
3856,358630,71442
3857,109847,45722
3858,366922,77450
3859,538186,63021
3860,570675,141519
3861,69313,25157
3862,49538,20166
3863,270815,126844
3864,117295,39970
3865,237835,58988
3866,317131,91431
3867,127610,37099
3868,438639,97074
3869,178275,90093
3870,297309,102004
3871,203456,99731
3872,115935,43400
3873,191784,80570
3874,754745,101657
3875,391740,73175
3876,83715,48806
3877,480778,86304
3878,127790,51539
3879,113253,64712
3880,137558,44154
3881,435918,88162
3882,103035,26682
3883,257100,86169
3884,250579,69919
3885,242285,78635
3886,234860,90729
3887,683495,99246
3888,933195,101623
3889,323030,78812
3890,490113,150218
3891,339520,64099
3892,998642,100221
3893,176949,73587
3894,228080,90000
3895,384040,113265
3896,223510,94919
3897,175860,66467
3898,197038,88182
3899,88375,54701
3900,153435,60796
3901,565500,102329
3902,558940,111863
3903,145660,48187
3904,241264,70725
3905,376390,45961
3906,207141,95266
3907,152630,51674
3908,1101345,133604
3909,683763,107964
3910,1863630,327724
3911,306240,181846
3912,203220,81355
3913,1753059,241893
3914,310116,60249
3915,275523,90238
3916,491052,107405
3917,252240,92287
3918,508721,136605
3919,137855,71937
3920,187770,71088
3921,433510,123819
3922,594611,71380
3923,610464,85657
3924,499869,70790
3925,242700,58840
3926,510357,63282
3927,186066,75772
3928,274890,45398
3929,830392,152454
3930,253838,79610
3931,274409,70616
3932,118565,41768
3933,139110,46232
3934,484575,65694
3935,338858,86570
3936,297948,89028
3937,315478,62775
3938,185626,35183
3939,1600870,120715
3940,120773,51049
3941,68345,23218
3942,500950,108340
3943,118285,50999
3944,257085,109751
3945,121030,36305
3946,211160,76224
3947,210080,72252
3948,550630,134231
3949,93310,31316
3950,188050,94609
3951,121734,44325
3952,250796,97998
3953,126660,72090
3954,223165,86358
3955,418580,99072
3956,1128274,139780
3957,292440,76448
3958,246519,58909
3959,366367,72743
3960,635174,76660
3961,420985,73578
3962,255540,69255
3963,340750,113346
3964,669086,103378
3965,181914,47921
3966,614332,109803
3967,205280,47913
3968,460062,94428
3969,516106,90637
3970,515827,107545
3971,315713,79714
3972,243422,80892
3973,225687,82931
3974,570341,179136
3975,327933,97604
3976,429531,127900
3977,379745,94812
3978,275675,90152
3979,125150,28924
3980,245410,43680
3981,560900,85808
3982,84486,46006
3983,571050,123132
3984,309200,72050
3985,678822,91196
3986,267800,90733
3987,153110,70818
3988,217238,74242
3989,256540,49779
3990,164820,92802
3991,109243,73070
3992,279550,91890
3993,599185,130891
3994,335546,79526
3995,233010,44219
3996,132700,45102
3997,193500,90102
3998,98705,18250
3999,764484,142398
4000,382390,99705
4001,371330,69294
4002,209899,88904
4003,149699,66802
4004,259736,84697
4005,285360,113932
4006,275610,62367
4007,259329,67758
4008,98290,40926
4009,48533,18076
4010,144805,47706
4011,171975,77460
4012,565647,36335
4013,80720,26729
4014,368805,90102
4015,149035,79545
4016,246923,67937
4017,58620,41662
4018,472545,61823
4019,475488,122988
4020,473995,165006
4021,190040,67064
4022,404862,154081
4023,237735,93926
4024,58192,29557
4025,326366,103263
4026,116992,62821
4027,318355,95913
4028,132690,40698
4029,131115,34581
4030,274340,127649
4031,120620,53421
4032,453055,124914
4033,90080,36743
4034,458008,112037
4035,286447,108028
4036,302272,112829
4037,298345,62982
4038,636231,125399
4039,156880,89143
4040,913730,109195
4041,117835,46372
4042,194208,62346
4043,164500,94533
4044,263860,80052
4045,454460,172884
4046,6042860,149996
4047,389310,93541
4048,82430,41037
4049,289900,84449
4050,413070,109842
4051,206960,93568
4052,440500,111748
4053,227655,49992
4054,392229,152799
4055,191640,106158
4056,127412,40407
4057,341987,108940
4058,326250,61403
4059,592855,142216
4060,174789,69459
4061,186473,72735
4062,174882,120608
4063,465410,102412
4064,233692,75451
4065,183510,80088
4066,115949,26326
4067,243734,69227
4068,512891,86939
4069,252819,58915
4070,545474,71400
4071,358415,106670
4072,291994,95521
4073,455030,108513
4074,85505,24359
4075,101060,44974
4076,252514,95674
4077,248555,93423
4078,135395,45174
4079,193040,52765
4080,154345,58542
4081,135920,42726
4082,70733,24287
4083,377307,90562
4084,213294,92115
4085,324982,67764
4086,348730,101833
4087,314968,51784
4088,111045,70247
4089,201078,82521
4090,149540,41665
4091,105480,30372
4092,305053,81422
4093,212010,76087
4094,144089,66092
4095,304046,132025
4096,264352,107236
4097,118592,73876
4098,181848,138167
4099,592271,197307
4100,192644,101571
4101,737182,189359
4102,174522,58052
4103,166503,64914
4104,267950,160200
4105,197121,91804
4106,175988,77225
4107,128506,48515
4108,215223,42020
4109,231040,67312
4110,318888,139072
4111,562934,240768
4112,212243,54187
4113,121124,31094
4114,156287,41950
4115,64622,23784
4116,34414,25838
4117,52339,45541
4118,34588,12905
4119,28067,12180
4120,47378,32678
4121,32942,22536
4122,88226,15090
4123,102718,42564
4124,259467,46762
4125,21602,11056
4126,155566,115360
4127,59676,26291
4128,92280,24096
4129,48914,19969
4130,138608,117582
4131,105181,37025
4132,86894,46886
4133,21487,33736
4134,80602,48017
4135,148991,96894
4136,64299,88518
4137,86924,58857
4138,130768,45873
4139,164366,39904
4140,243738,70189
4141,92180,23740
4142,27047,29647
4143,84959,66001
4144,95774,27010
4145,340607,70541
4146,63549,25934
4147,40386,22330
4148,51752,50659
4149,649771,120572
4150,861476,249386
4151,109255,691682
4152,93054,91268
4153,79912,79360
4154,107591,590628
4155,150095,105986
4156,341735,112288
4157,74506,115461
4158,636222,667876
4159,162648,791848
4160,198042,115848
4161,124420,95234
4162,101493,90640
4163,28885,43855
4164,85788,114964
4165,129700,75436
4166,71316,117073
4167,138502,87703
4168,99729,113171
4169,92190,79267
4170,55122,57938
4171,165431,142212
4172,144813,131268
4173,122006,83449
4174,724052,172869
4175,86517,71868
4176,239776,73346
4177,74733,71493
4178,110004,73575
4179,205890,195230
4180,215450,91042
4181,185101,161254
4182,175837,110157
4183,90804,52983
4184,404406,151390
4185,160246,74320
4186,518533,121169
4187,249670,107696
4188,295515,147796
4189,244567,113138
4190,270411,86097
4191,82685,57150
4192,495365,144962
4193,533510,72820
4194,139353,81358
4195,172546,49769
4196,127544,32349
4197,76989,31646
4198,223359,25515
4199,58515,15504
4200,166735,36252
4201,254368,43742
4202,246683,49671
4203,254243,58330
4204,85328,43741
4205,136087,51728
4206,132377,22758
4207,48917,15323
4208,106328,50316
4209,99016,37665
4210,434026,135464
4211,126080,50031
4212,90216,92964
4213,39599,58636
4214,165900,196065
4215,109907,115607
4216,51370,45133
4217,109015,64346
4218,80855,57054
4219,58807,36167
4220,299128,151165
4221,64149,37166
4222,105901,55013
4223,38902,25153
4224,284284,182944
4225,148552,121218
4226,99868,70631
4227,98965,56175
4228,140998,105308
4229,65413,39415
4230,25022,30608
4231,34073,52741
4232,92476,59272
4233,91940,60043
4234,72557,69044
4235,115676,45817
4236,970733,62804
4237,405657,108854
4238,112153,72565
4239,113272,52851
4240,154887,56970
4241,539749,77930
4242,299917,125387
4243,272999,68520
4244,356473,65827
4245,93992,59464
4246,150732,76678
4247,819926,124176
4248,385971,120450
4249,222784,90868
4250,280914,127929
4251,432309,74278
4252,751116,106687
4253,150075,71753
4254,417896,151792
4255,160476,54738
4256,129482,71893
4257,296413,142865
4258,150182,146332
4259,74348,70360
4260,262235,99087
4261,92626,50568
4262,117046,102202
4263,103749,43558
4264,114292,56688
4265,204137,63346
4266,169381,100567
4267,126760,32880
4268,417110,89581
4269,87358,45056
4270,83304,69566
4271,616393,193031
4272,77431,68881
4273,233632,80346
4274,155319,40613
4275,103731,59385
4276,334509,220424
4277,136381,67839
4278,95658,55924
4279,48003,51206
4280,144952,81952
4281,113732,64739
4282,38786,24996
4283,19723,11131
4284,82009,42363
4285,71466,61274
4286,45248,16981
4287,71842,24297
4288,45299,5638
4289,648122,107852
4290,409637,58647
4291,366299,104419
4292,69922,16800
4293,221209,59992
4294,3805717,316179
4295,653846,63406
4296,597336,133664
4297,95934,48146
4298,78428,41091
4299,158586,93685
4300,159547,221733
4301,163458,37215
4302,68633,41587
4303,36247,24116
4304,130524,55012
4305,83630,64678
4306,220414,94896
4307,220650,132006
4308,36150,17808
4309,471017,167243
4310,294544,71446
4311,137805,29997
4312,34771,23712
4313,189736,68118
4314,279511,80385
4315,373847,96873
4316,37383,62516
4317,81580,70863
4318,306173,129512
4319,72119,91861
4320,54554,86252
4321,113244,116020
4322,92718,115973
4323,22740,20508
4324,92487,72198
4325,85552,48768
4326,677591,188555
4327,70739,77407
4328,413319,149166
4329,109849,110342
4330,76621,63880
4331,365037,85481
4332,79538,51535
4333,97352,49971
4334,86111,47470
4335,283372,79202
4336,35582,37973
4337,116362,44632
4338,67934,34090
4339,70476,37776
4340,381148,118226
4341,157865,50760
4342,87193,51691
4343,30288,26346
4344,31897,31214
4345,61401,46936
4346,123484,48649
4347,18838,21592
4348,106499,39720
4349,304334,73207
4350,236890,70876
4351,93357,42882
4352,267192,65589
4353,379669,182480
4354,117171,65199
4355,225760,65767
4356,67329,13505
4357,180408,41614
4358,31623,24893
4359,49495,19493
4360,198613,128127
4361,265454,41241
4362,531997,191115
4363,142198,56992
4364,126792,109031
4365,113378,59902
4366,302670,105277
4367,1018123,92444
4368,109539,51872
4369,177123,67086
4370,89885,62494
4371,154904,112276
4372,80570,17066
4373,86241,46744
4374,104208,84732
4375,45728,28947
4376,150096,59092
4377,203206,111592
4378,64376,36355
4379,121336,32178
4380,194098,54872
4381,129933,61656
4382,119389,50475
4383,149722,52812
4384,44159,20093
4385,112659,53993
4386,109338,114702
4387,34267,13834
4388,140250,66640
4389,313506,142629
4390,233202,70482
4391,102422,34384
4392,93736,28010
4393,469119,116488
4394,142678,42430
4395,44659,45047
4396,607903,112707
4397,107246,44830
4398,167061,83577
4399,111729,23612
4400,254878,87242
4401,860945,207269
4402,712902,68101
4403,179212,21294
4404,104802,109596
4405,77390,223781
4406,350480,23850
4407,321552,85576
4408,201100,92177
4409,104169,60657
4410,204171,75358
4411,244990,116270
4412,84084,57544
4413,186365,83835
4414,70219,37407
4415,607420,139599
4416,83092,57110
4417,246852,89514
4418,191482,44227
4419,44694,44250
4420,312062,108994
4421,30381,15908
4422,166402,161321
4423,100843,38194
4424,165787,77630
4425,340682,72764
4426,102591,79733
4427,290747,180258
4428,166115,61894
4429,210470,69379
4430,452934,92736
4431,259065,143973
4432,183254,103939
4433,550998,47841
4434,322967,113515
4435,173920,124038
4436,397610,99441
4437,336666,133694
4438,540376,187611
4439,299554,129288
4440,426681,243329
4441,345690,138586
4442,65629,22653
4443,384431,121542
4444,217345,151900
4445,125649,33336
4446,57447,35751
4447,73752,33166
4448,118529,67247
4449,423752,141703
4450,91806,55788
4451,214322,48041
4452,86767,45716
4453,74610,32528
4454,137410,75920
4455,200449,100333
4456,228647,44151
4457,104822,37186
4458,92818,28236
4459,224565,66950
4460,101633,51045
4461,169069,64373
4462,212782,78386
4463,108892,50667
4464,151430,44918
4465,984441,102309
4466,409226,69773
4467,181455,51213
4468,106005,45862
4469,302786,107594
4470,228897,43617
4471,945942,124687
4472,157381,65668
4473,197241,35754
4474,155704,52836
4475,110664,36190
4476,177157,87937
4477,88532,89151
4478,58990,29606
4479,128004,47310
4480,59161,22371
4481,369052,86070
4482,80414,40756
4483,136082,67972
4484,111212,49023
4485,99676,45411
4486,51238,28230
4487,91142,43748
4488,82899,53521
4489,73974,47540
4490,50620,24284
4491,58823,41417
4492,116148,40392
4493,231890,77265
4494,248291,109222
4495,236080,84198
4496,222352,87866
4497,535498,182648
4498,838756,114968
4499,428649,78090
4500,135115,72278
4501,119772,55502
4502,106380,101544
4503,371847,103105
4504,266983,89460
4505,775443,172566
4506,126311,51925
4507,366475,179823
4508,177376,111350
4509,924756,205532
4510,1124290,181613
4511,219490,24646
4512,1006007,169734
4513,346325,210938
4514,152434,74307
4515,1235275,223018
4516,603282,203251
4517,860839,156371
4518,632039,304243
4519,113657,50748
4520,146341,47795
4521,49530,65052
4522,73112,80686
4523,119982,85859
4524,178903,84210
4525,69254,160992
4526,120537,74656
4527,27282,27280
4528,240160,99048
4529,39181,46323
4530,83167,53914
4531,25363,21500
4532,97015,40213
4533,72543,53247
4534,130635,88105
4535,72629,80533
4536,78610,61258
4537,98977,40386
4538,402616,136270
4539,437213,189549
4540,79906,70162
4541,104928,75080
4542,65680,16671
4543,175673,116137
4544,99135,38212
4545,71168,27100
4546,75530,45004
4547,271375,95183
4548,64801,55171
4549,111645,44356
4550,127983,66881
4551,235973,90395
4552,115439,33742
4553,177445,33179
4554,103372,27354
4555,131228,56780
4556,71476,48184
4557,174885,79828
4558,356394,108340
4559,147913,77434
4560,90921,63868
4561,459214,108591
4562,305984,183529
4563,204484,51476
4564,231534,172463
4565,162274,53557
4566,447758,125111
4567,185558,57459
4568,156716,72912
4569,336318,150286
4570,135640,42840
4571,277651,93279
4572,297041,71718
4573,117576,54230
4574,108041,58700
4575,130430,56808
4576,56926,27516
4577,59761,26796
4578,130986,72225
4579,139487,128968
4580,151203,47690
4581,134888,71708
4582,87409,31408
4583,486553,159541
4584,157277,49407
4585,169024,85467
4586,50778,41617
4587,805868,158165
4588,73200,37958
4589,108353,51412
4590,129909,44184
4591,89359,54537
4592,108400,56611
4593,51982,30827
4594,76623,43639
4595,135232,59614
4596,73522,47563
4597,60369,48962
4598,60146,47482
4599,103365,55666
4600,53395,18361
4601,66831,35588
4602,126248,39929
4603,87129,37298
4604,376878,83486
4605,536825,71845
4606,62745,30356
4607,112031,45426
4608,99715,42263
4609,80070,35013
4610,98590,41392
4611,337368,62931
4612,170054,73812
4613,76045,35430
4614,675745,147043
4615,155815,87280
4616,160816,27496
4617,580655,75680
4618,1099817,95358
4619,79883,43258
4620,75625,71177
4621,182715,39470
4622,47636,25230
4623,169222,63436
4624,114984,28102
4625,158524,49187
4626,263277,49726
4627,106585,55817
4628,146045,32047
4629,60342,36315
4630,108382,58966
4631,30650,17907
4632,148670,56522
4633,55826,27303
4634,604575,85821
4635,190978,97740
4636,179586,36120
4637,406028,144869
4638,101910,29713
4639,278665,59025
4640,29575,27164
4641,41005,51427
4642,106133,49047
4643,76499,43425
4644,81765,40408
4645,57185,35073
4646,91862,67338
4647,85266,42414
4648,66055,50725
4649,117811,41048
4650,54081,27373
4651,85918,46514
4652,77145,44039
4653,65746,47839
4654,105354,40097
4655,72473,30250
4656,128041,39058
4657,113598,70097
4658,188858,58485
4659,354517,117115
4660,513076,81813
4661,110955,59100
4662,431848,90347
4663,107428,52493
4664,111779,61668
4665,65120,37047
4666,333940,99980
4667,111290,47522
4668,450174,72293
4669,197408,86120
4670,70695,33200
4671,119517,61869
4672,158525,61834
4673,56650,38271
4674,253732,51502
4675,50685,29367
4676,128375,53546
4677,197619,71100
4678,63980,29119
4679,252272,74725
4680,163401,74908
4681,66908,27735
4682,134906,80756
4683,134745,72260
4684,1148773,187377
4685,163094,75874
4686,41545,29381
4687,52972,18474
4688,238489,67581
4689,125186,69311
4690,91180,36872
4691,96389,43451
4692,42486,21611
4693,30977,14321
4694,64120,25583
4695,134883,58201
4696,54850,38914
4697,85051,38909
4698,52140,33731
4699,90487,19895
4700,46831,31927
4701,27054,15782
4702,23988,13197
4703,66181,22795
4704,350008,115591
4705,185161,58769
4706,122990,47190
4707,139225,52818
4708,151965,82050
4709,57942,24723
4710,77953,57209
4711,96075,45176
4712,210527,57981
4713,136537,44551
4714,189782,79348
4715,152480,63742
4716,268143,84983
4717,103967,40199
4718,504058,194636
4719,107396,47081
4720,525775,87647
4721,93788,46235
4722,61216,38182
4723,104535,37211
4724,176965,55529
4725,136492,69092
4726,33952,19619
4727,82471,42533
4728,161287,74846
4729,50413,24751
4730,81667,50239
4731,76441,55123
4732,108758,41797
4733,133967,39449
4734,131498,35848
4735,41052,15393
4736,162980,63646
4737,142938,43824
4738,44030,26619
4739,161187,53683
4740,124167,40767
4741,112156,47284
4742,716278,92783
4743,1785603,216645
4744,841321,176776
4745,445853,118524
4746,1063043,115590
4747,238593,75334
4748,207757,98617
4749,130728,47216
4750,169950,50096
4751,808802,73978
4752,429176,105432
4753,460890,101959
4754,61289,34643
4755,481792,142822
4756,255812,66283
4757,722025,129014
4758,58800,42669
4759,502211,169534
4760,631816,171052
4761,743284,130239
4762,56420,23122
4763,90540,52680
4764,52035,23555
4765,237276,72996
4766,147907,88018
4767,83994,38458
4768,67585,36545
4769,308070,63289
4770,124297,68938
4771,35832,22824
4772,66575,31052
4773,103734,59655
4774,99344,53021
4775,109910,55850
4776,90462,31036
4777,51119,33612
4778,119986,37404
4779,74924,34059
4780,54190,35625
4781,130415,47253
4782,121440,48591
4783,131806,62310
4784,115496,92457
4785,65180,20829
4786,63898,35793
4787,145466,87833
4788,99509,51252
4789,105419,50480
4790,101938,55039
4791,35403,19731
4792,47960,29625
4793,32809,19922
4794,54407,31114
4795,65468,40376
4796,108672,52540
4797,184920,59437
4798,222442,77621
4799,166529,41855
4800,75351,33018
4801,468456,88835
4802,328481,71687
4803,93542,30761
4804,140392,37577
4805,93367,52969
4806,84059,37549
4807,64300,33831
4808,65399,31278
4809,75721,42167
4810,105922,46932
4811,36798,18143
4812,255607,66623
4813,388928,111136
4814,139235,67545
4815,157258,49614
4816,134342,59126
4817,121212,54010
4818,81705,50049
4819,106590,45164
4820,75122,39445
4821,501282,163153
4822,71825,38651
4823,399892,60936
4824,262394,63681
4825,88707,37642
4826,174399,64241
4827,989017,122960
4828,71371,25524
4829,96139,33763
4830,143326,55805
4831,121953,47962
4832,311346,88124
4833,192795,85527
4834,154697,49040
4835,101828,47672
4836,62520,34142
4837,83488,38988
4838,93635,39000
4839,110188,59224
4840,177101,75312
4841,47525,11592
4842,247678,65457
4843,64299,29765
4844,117098,61008
4845,69134,29706
4846,212608,89181
4847,147463,54764
4848,261310,55779
4849,80003,37018
4850,292994,71408
4851,234439,83707
4852,143758,32461
4853,120779,40840
4854,102447,44549
4855,69422,28082
4856,71815,49480
4857,69117,50483
4858,87183,36510
4859,56935,19702
4860,480870,114498
4861,78133,23728
4862,141652,50079
4863,96696,53466
4864,267955,56232
4865,59945,37613
4866,82291,49177
4867,144867,56236
4868,216370,123217
4869,79928,51588
4870,317335,62937
4871,101795,37237
4872,50973,31372
4873,72236,27678
4874,69225,32170
4875,71025,36758
4876,129249,65590
4877,88502,59807
4878,192665,61851
4879,106735,42702
4880,63796,45002
4881,243847,109900
4882,288463,84937
4883,67791,57303
4884,76940,39572
4885,218092,136879
4886,181268,50481
4887,80640,53702
4888,154029,75148
4889,124435,61053
4890,118921,51945
4891,86253,42675
4892,129886,56866
4893,117455,82226
4894,27613,20029
4895,112923,32930
4896,52075,27521
4897,83617,32274
4898,103070,39232
4899,123035,52323
4900,904612,142572
4901,96119,54526
4902,117319,43556
4903,109298,46480
4904,115970,33222
4905,32205,16703
4906,33719,19019
4907,33422,21838
4908,643555,103000
4909,94542,22478
4910,71598,34836
4911,44290,25898
4912,98774,35193
4913,33727,20128
4914,224402,93575
4915,131345,52635
4916,276020,70489
4917,83853,31237
4918,91213,43792
4919,80274,47559
4920,75243,42250
4921,614664,88618
4922,56351,28241
4923,122208,52832
4924,428035,119569
4925,84154,36776
4926,1118726,184199
4927,133937,60113
4928,331930,100291
4929,143735,56434
4930,174107,71056
4931,140500,62741
4932,72610,51939
4933,126678,61631
4934,127312,47340
4935,75670,35812
4936,151686,59290
4937,140162,39531
4938,42100,28406
4939,191859,72961
4940,127611,48717
4941,68281,29827
4942,79406,50976
4943,131055,47582
4944,128871,53931
4945,124660,54813
4946,211769,38899
4947,144783,80566
4948,166312,70113
4949,110625,44922
4950,114439,56485
4951,48673,28444
4952,246284,108104
4953,190946,63780
4954,94356,38320
4955,96031,46845
4956,108733,67977
4957,98289,54239
4958,126110,41750
4959,133905,69512
4960,103185,54338
4961,68205,46381
4962,70017,51969
4963,82215,58599
4964,67181,23874
4965,58385,32799
4966,100937,42229
4967,92928,52145
4968,114898,31069
4969,22248,12480
4970,74175,44101
4971,87348,33083
4972,86083,38212
4973,372446,73382
4974,128486,51847
4975,63746,34194
4976,110270,38418
4977,90592,52864
4978,129422,45849
4979,141163,64065
4980,143173,67405
4981,415741,64254
4982,145152,56613
4983,50730,37849
4984,48975,12399
4985,124895,62573
4986,116294,40975
4987,641247,126477
4988,788192,121642
4989,173932,71837
